FFMC,BUI,WSV,WindDir,FWIBin,Season,Ecoregion
82.75,5.25,48,250,1,Spring,All
88.11,7.17,29,250,1,Spring,All
87.69,8.84,40,270,1,Spring,All
83.91,11.81,40,180,1,Spring,All
88.46,18.5,16,180,1,Spring,All
84.42,3.39,45,230,1,Spring,All
90.43,23.11,32,250,1,Summer,All
86.58,19.39,23,180,1,Summer,All
86.74,27.81,24,230,2,Summer,All
88.63,27.09,19,230,2,Summer,All
89.74,15.29,16,250,1,Summer,All
92.51,21.38,40,270,1,Summer,All
86.11,22.86,23,50,1,Summer,All
87.01,22.53,26,250,1,Summer,All
88.14,23.36,14,250,1,Summer,All
89.2,31.23,13,180,2,Summer,All
89.29,33.61,23,230,2,Summer,All
83.64,6.45,40,160,1,Summer,All
88.86,14.35,23,200,1,Summer,All
88.8,13.53,29,180,1,Summer,All
86.28,17.67,24,230,1,Summer,All
86.91,20.53,19,200,1,Summer,All
85.63,22.42,27,180,1,Summer,All
86.95,24.75,23,290,2,Summer,All
89.56,28.13,23,250,2,Summer,All
86.47,26.26,26,250,2,Summer,All
86.51,17.59,24,70,1,Summer,All
87.82,13.71,29,250,1,Summer,All
87.87,16.32,35,290,1,Summer,All
87.73,21.56,24,250,1,Summer,All
87.83,26.74,11,90,2,Summer,All
89.36,30.57,16,250,2,Summer,All
89.41,33.41,19,270,2,Summer,All
87.16,34.65,24,340,2,Summer,All
87.55,38.88,24,250,3,Summer,All
87.6,41.29,27,250,3,Summer,All
85.74,28.68,18,200,2,Summer,All
86.89,30.59,19,290,2,Summer,All
85.59,34.67,32,290,2,Summer,All
86.31,36.11,26,270,3,Summer,All
84.34,19.05,32,200,1,Summer,All
85.37,20.55,37,270,1,Summer,All
85.42,22.39,29,200,1,Summer,All
85.47,24.33,43,230,2,Summer,All
88.14,23.09,24,250,1,Summer,All
87.16,24.63,23,250,2,Summer,All
90.77,9.74,35,180,1,Spring,All
88.74,11.42,24,270,1,Spring,All
85.19,14.77,26,200,1,Spring,All
88.39,17.22,19,290,1,Spring,All
87.68,18.9,40,250,1,Spring,All
89.23,20.52,29,290,1,Spring,All
89.61,22.15,14,340,1,Spring,All
89.12,23.43,16,290,1,Spring,All
86.53,24.26,32,340,2,Spring,All
87.91,25.86,29,290,2,Spring,All
91.09,16.09,24,230,1,Spring,All
89.66,15.42,39,290,1,Spring,All
88.71,16.95,26,340,1,Spring,All
88.23,21.33,23,50,1,Spring,All
88.64,23.64,19,70,2,Spring,All
89.32,31.23,13,90,2,Spring,All
87.91,33.31,29,50,2,Spring,All
89.05,35.86,32,290,3,Spring,All
89.1,35.18,40,270,2,Spring,All
89.15,37.41,27,230,3,Spring,All
87.94,26.13,16,200,2,Spring,All
87.99,29.36,29,270,2,Spring,All
87.5,31.77,23,290,2,Spring,All
88.67,35.02,8,50,2,Spring,All
83.42,19.6,40,340,1,Spring,All
87.04,22.6,31,360,1,Spring,All
87.91,25.58,13,180,2,Summer,All
92.1,31.66,29,250,2,Summer,All
86.99,34.09,23,200,2,Summer,All
87.04,33.12,23,180,2,Summer,All
90.34,16.95,32,230,1,Summer,All
89.23,18.74,19,230,1,Summer,All
90.3,23.36,13,140,1,Summer,All
85.4,13.44,29,70,1,Summer,All
87.63,30.2,23,90,2,Summer,All
87.99,33.54,13,70,2,Summer,All
86.74,35.22,11,70,2,Summer,All
89.88,39.81,6,200,3,Summer,All
87.56,30.3,32,250,2,Summer,All
86.97,35.45,13,50,2,Summer,All
84.31,12.68,31,230,1,Summer,All
85.89,15.44,48,270,1,Summer,All
88.39,19.8,29,230,1,Summer,All
88.45,23.54,32,290,1,Summer,All
91.09,23.99,13,160,2,Summer,All
85.14,11.12,45,180,1,Summer,All
89.64,16.02,32,250,1,Summer,All
89.69,19.06,16,270,1,Summer,All
90.51,26.13,24,320,2,Summer,All
90.56,30.27,14,230,2,Summer,All
90.17,33.78,26,180,2,Summer,All
90.22,36.04,27,230,3,Summer,All
89.25,39.1,19,20,3,Summer,All
85.51,40.73,16,50,3,Summer,All
87.36,23.68,32,180,2,Summer,All
86.11,18.86,37,250,1,Summer,All
86.16,21.12,32,290,1,Summer,All
86.33,29.22,32,250,2,Summer,All
88.21,27.93,21,230,2,Summer,All
91.11,33.39,27,250,2,Summer,All
90.92,37.1,32,270,3,Summer,All
87.63,38.91,13,70,3,Summer,All
87.97,42.25,27,200,3,Summer,All
89.36,45.78,19,290,3,Summer,All
86.07,15.29,26,250,1,Summer,All
89.89,22.53,16,160,1,Summer,All
87.41,26.5,27,230,2,Summer,All
87.51,30.79,19,50,2,Summer,All
85.04,32.89,23,50,2,Summer,All
85.13,28.76,29,160,2,Summer,All
86.36,31.12,24,250,2,Summer,All
86.41,32.64,29,270,2,Summer,All
87.83,34.66,27,290,2,Summer,All
85.09,13.84,27,250,1,Summer,All
86.49,16.22,35,230,1,Summer,All
86.17,17.75,24,230,1,Summer,All
86.64,20.48,26,290,1,Summer,All
88.93,24.54,23,230,2,Summer,All
88.22,22.14,55,290,1,Summer,All
87.61,23.06,39,290,1,Summer,All
87.26,23.76,29,290,2,Summer,All
90.44,26.7,32,250,2,Summer,All
90.12,28.82,10,250,2,Summer,All
86.71,29.51,16,50,2,Summer,All
86.44,30.34,14,320,2,Summer,All
88,32.07,13,250,2,Summer,All
88.05,33.54,10,50,2,Fall,All
84.23,30.51,32,230,2,Fall,All
84.34,31.1,24,290,2,Fall,All
85.11,31.78,19,250,2,Fall,All
83.28,30.16,24,250,2,Fall,All
86.78,10.55,27,270,1,Spring,All
87.61,15.18,26,250,1,Spring,All
88.13,18.74,23,290,1,Spring,All
88.45,21.29,13,160,1,Spring,All
86.65,22.97,42,180,1,Spring,All
85.23,16.66,39,250,1,Spring,All
90.48,20.06,32,230,1,Spring,All
83.42,22.28,27,70,1,Spring,All
84.42,24.25,29,50,2,Spring,All
87.75,14.99,26,290,1,Spring,All
88.85,17.96,14,200,1,Spring,All
85.25,19.49,23,50,1,Spring,All
85.1,16.19,27,50,1,Spring,All
90.01,12.3,26,50,1,Spring,All
90.05,16,19,50,1,Spring,All
88.48,21.66,16,50,1,Spring,All
88.53,25.01,24,200,2,Summer,All
92.94,18.98,32,230,1,Summer,All
91.73,15.15,48,290,1,Summer,All
90.85,18.39,23,270,1,Summer,All
90.5,8.68,31,270,1,Summer,All
89.66,11.91,19,230,1,Summer,All
91.45,16.24,32,250,1,Summer,All
89.58,18.85,16,340,1,Summer,All
89.26,12.33,32,290,1,Summer,All
86.26,10.99,29,160,1,Summer,All
86.45,13.34,27,270,1,Summer,All
87.55,13.43,32,200,1,Summer,All
85.5,13.17,34,200,1,Summer,All
84.03,14.24,39,250,1,Summer,All
84.93,15.34,35,200,1,Summer,All
86.51,15.68,26,250,1,Summer,All
87.57,12.56,32,230,1,Summer,All
87.62,14.34,23,320,1,Summer,All
85.89,5.79,35,270,1,Spring,All
85.94,7.16,32,250,1,Spring,All
86.78,11.49,29,160,1,Spring,All
88.57,14.05,27,20,1,Spring,All
88.31,18.98,16,70,1,Spring,All
86.95,14.15,29,290,1,Spring,All
91.74,19.28,27,290,1,Spring,All
91.79,23.73,24,110,2,Spring,All
88.91,5.55,48,230,1,Summer,All
87.24,7.32,29,200,1,Summer,All
89.27,12.61,19,360,1,Summer,All
89.32,16.05,16,50,1,Summer,All
90.13,27.17,26,250,2,Summer,All
91.61,31.81,6,230,2,Summer,All
85.15,26.74,37,270,2,Summer,All
85.03,28.5,32,320,2,Summer,All
81.4,21.56,32,180,1,Summer,All
86.11,22.94,21,250,1,Summer,All
93,35.23,21,250,2,Summer,All
93.05,40.42,29,250,3,Summer,All
92,44.85,23,250,3,Summer,All
91.32,48.93,5,250,4,Summer,All
87.3,11.23,24,230,1,Summer,All
88.63,16.14,23,320,1,Summer,All
89.26,19.96,24,320,1,Summer,All
92.13,28.7,14,200,2,Summer,All
91.09,32.31,6,360,2,Summer,All
86.35,33.5,27,340,2,Summer,All
86.84,37.92,16,200,3,Summer,All
86.24,41.72,14,200,3,Summer,All
87.13,12.29,35,270,1,Summer,All
88.17,15.46,32,290,1,Summer,All
87.07,16.88,26,270,1,Summer,All
89.43,20.61,21,250,1,Summer,All
85.34,18.7,48,250,1,Summer,All
85.89,20.46,29,230,1,Summer,All
85.11,15.34,35,270,1,Summer,All
86.29,17,40,250,1,Summer,All
84.99,19.81,34,340,1,Summer,All
85.04,21.13,23,290,1,Summer,All
86.27,23.15,23,230,1,Summer,All
83.23,14.59,56,270,1,Summer,All
86.21,16.39,24,250,1,Summer,All
84.69,8.38,37,270,1,Summer,All
85.96,9.65,31,250,1,Summer,All
86.1,11.77,26,230,1,Summer,All
89.06,12.37,26,180,1,Spring,All
86.97,13.21,37,290,1,Spring,All
84.39,13.82,32,340,1,Spring,All
84.6,19.21,29,250,1,Spring,All
87.4,21.58,23,270,1,Spring,All
91.26,25.21,18,180,2,Spring,All
88.8,27.21,26,360,2,Spring,All
89.43,30.43,16,110,2,Spring,All
93.24,13.44,40,270,1,Spring,All
92.51,16.56,13,230,1,Spring,All
87.54,11.11,39,320,1,Summer,All
89.53,12.06,16,250,1,Summer,All
88.43,14.77,19,270,1,Summer,All
90.52,17.38,32,180,1,Summer,All
87.27,10.26,26,250,1,Summer,All
86.58,12.29,37,250,1,Summer,All
86.79,14.81,37,270,1,Summer,All
87.68,10.66,31,250,1,Summer,All
88.55,13.9,32,270,1,Summer,All
88.58,12.26,21,270,1,Spring,All
92.54,19.05,11,110,1,Spring,All
86.79,13.23,24,160,1,Spring,All
85.87,14.68,26,250,1,Spring,All
90.73,16.07,14,180,1,Spring,All
89.61,19.36,11,70,1,Spring,All
92.83,25.05,24,270,2,Spring,All
92.78,29.91,40,250,2,Spring,All
87.47,25.23,29,250,2,Spring,All
88.94,28.91,19,250,2,Spring,All
93.74,34.87,26,200,2,Spring,All
89.87,36.96,5,360,3,Spring,All
92.6,42.29,35,200,3,Summer,All
90.28,36.63,16,230,3,Summer,All
89.42,23.27,29,270,1,Summer,All
91.94,27.45,24,230,2,Summer,All
90.68,11.34,31,270,1,Summer,All
89.69,19.15,24,270,1,Summer,All
90.83,7.86,19,230,1,Summer,All
90.88,11.49,23,200,1,Summer,All
90.86,9.6,21,180,1,Summer,All
86.86,13.65,27,180,1,Summer,All
86.44,15.6,32,230,1,Summer,All
88.64,21.54,19,50,1,Summer,All
88.69,24.57,27,320,2,Summer,All
88.74,22.01,14,70,1,Summer,All
88.05,23.74,24,180,2,Summer,All
87.45,28.13,19,250,2,Summer,All
87.52,14.19,21,290,1,Summer,All
90.83,18.29,19,290,1,Summer,All
90.88,22.27,10,90,1,Summer,All
87.2,24.3,18,50,2,Summer,All
85.81,20.29,24,250,1,Summer,All
87.52,23.21,24,250,1,Summer,All
88.15,12.51,21,250,1,Summer,All
89.09,13.2,27,270,1,Summer,All
87.35,19,18,290,1,Summer,All
88.75,22.03,32,250,1,Summer,All
88.8,25.5,14,250,2,Summer,All
84.95,26.8,29,180,2,Summer,All
86.8,17.99,23,290,1,Summer,All
86.85,20.11,27,250,1,Summer,All
84.25,16.36,29,160,1,Summer,All
84.3,17.68,27,250,1,Summer,All
84.35,18.95,29,230,1,Summer,All
85.24,22.68,27,230,1,Summer,All
86.48,6.19,48,250,1,Summer,All
89.04,21.54,16,70,1,Spring,All
89.27,23.85,16,70,2,Spring,All
82.68,24.44,31,50,2,Spring,All
82.72,25.37,35,50,2,Spring,All
82.77,26.25,29,50,2,Spring,All
89.89,33.81,27,290,2,Spring,All
92.11,38.62,32,270,3,Spring,All
92.16,43.3,29,230,3,Spring,All
87.42,36.57,13,110,3,Spring,All
86.73,22.94,23,290,1,Spring,All
89.35,26.63,14,250,2,Spring,All
85.48,28.94,40,290,2,Spring,All
87.56,31.2,32,290,2,Spring,All
87.61,32.93,23,340,2,Spring,All
88.79,35.96,5,320,3,Spring,All
88.03,38.77,13,50,3,Spring,All
88.27,33.19,8,200,2,Spring,All
85.96,31.54,32,290,2,Spring,All
89.58,39.44,13,270,3,Summer,All
87.38,39.24,16,200,3,Summer,All
85.2,37.63,23,230,3,Summer,All
89.35,41.82,29,230,3,Summer,All
91.17,46.46,23,270,4,Summer,All
87.54,48.62,24,50,4,Summer,All
85.91,50.6,16,230,4,Summer,All
86.62,54.12,40,270,4,Summer,All
92.92,60.68,16,250,4,Summer,All
94.42,67.32,27,250,5,Summer,All
93.99,72.13,29,180,5,Summer,All
91.37,75.84,19,290,5,Summer,All
92.67,80.66,29,270,5,Summer,All
81.47,68.17,24,50,5,Summer,All
81.66,69.27,16,360,5,Summer,All
83.75,71.09,16,360,5,Summer,All
88.73,74.68,3,360,5,Summer,All
89.33,78.43,8,70,5,Summer,All
89.26,77.84,23,180,5,Summer,All
85.71,50.97,24,270,4,Summer,All
85.36,52.58,14,320,4,Summer,All
86.08,55.3,10,90,4,Summer,All
86.09,57.41,16,70,4,Summer,All
83.51,58.76,16,160,4,Summer,All
88.91,63.26,24,270,5,Summer,All
90.55,68.09,32,270,5,Summer,All
88.86,71.34,8,180,5,Summer,All
88.9,74.88,10,70,5,Summer,All
91.18,62.35,27,250,4,Summer,All
87.55,57.2,19,230,4,Summer,All
91.4,63.17,21,230,5,Summer,All
90.9,67.92,32,230,5,Summer,All
90.39,17,10,270,1,Summer,All
88.12,13.86,32,250,1,Summer,All
89.65,18.51,29,230,1,Summer,All
89.52,22.24,13,320,1,Summer,All
87.97,24.89,13,50,2,Summer,All
88.02,28.5,26,180,2,Summer,All
89.01,24.38,21,250,2,Summer,All
92.01,29.21,11,320,2,Summer,All
92.2,34.97,19,230,2,Summer,All
86.5,14.18,31,230,1,Summer,All
88.34,19.02,21,290,1,Summer,All
88.39,22.39,24,230,1,Summer,All
89.04,26.74,31,230,2,Summer,All
89.09,30.5,26,230,2,Summer,All
89.82,24.21,11,250,2,Summer,All
86.38,13.89,27,230,1,Summer,All
85.79,15.02,29,250,1,Summer,All
87.59,13.45,34,250,1,Summer,All
89.11,17.52,32,200,1,Summer,All
87.79,7.85,32,340,1,Spring,All
92.93,24.63,24,270,2,Spring,All
90.26,26.29,16,50,2,Spring,All
90.31,28.56,11,50,2,Spring,All
90.35,31.34,5,360,2,Spring,All
86.74,32.7,16,70,2,Spring,All
84.54,36.83,24,180,3,Spring,All
84.58,38.31,24,290,3,Spring,All
85.34,40.01,31,320,3,Spring,All
85.91,43.85,16,320,3,Spring,All
88.03,46.09,16,320,3,Spring,All
82.38,41.62,27,320,3,Spring,All
86.76,44.66,14,20,3,Spring,All
91.5,49.25,16,230,4,Spring,All
90.03,51.79,16,320,4,Spring,All
90.08,55.28,13,250,4,Spring,All
89.6,58.35,13,50,4,Spring,All
87.28,60.03,16,50,4,Summer,All
87.91,62.92,13,70,5,Summer,All
81.7,51.79,19,50,4,Summer,All
88.87,24.64,11,140,2,Summer,All
89.45,29.28,21,200,2,Summer,All
88.57,34.66,13,230,2,Summer,All
88.86,24.95,24,230,2,Summer,All
90.25,29.9,16,230,2,Summer,All
89.73,39,5,110,3,Summer,All
89.78,44.03,19,230,3,Summer,All
85.49,18.92,37,270,1,Summer,All
87.94,22.84,16,320,1,Summer,All
90.22,27.68,14,270,2,Summer,All
89.24,30.94,8,230,2,Summer,All
86.72,17.91,32,270,1,Summer,All
88.71,22.5,24,230,1,Summer,All
89.42,28.33,35,250,2,Summer,All
90.91,33.5,21,200,2,Summer,All
89.58,36.4,19,270,3,Summer,All
88.26,32.76,10,250,2,Summer,All
89.34,26.84,18,200,2,Summer,All
87.55,21.68,16,320,1,Summer,All
87.54,22.11,16,270,1,Summer,All
86.13,18.24,27,270,1,Summer,All
86.18,15.7,32,50,1,Summer,All
89.2,20.8,13,200,1,Summer,All
89.25,23.98,32,230,2,Summer,All
89.66,16.84,14,360,1,Summer,All
84.77,11.77,32,270,1,Summer,All
84.62,9.13,37,160,1,Summer,All
85.23,8.1,40,250,1,Spring,All
87.77,13.47,23,200,1,Spring,All
87.15,14.96,21,250,1,Spring,All
84.93,9.76,32,270,1,Spring,All
87.18,11.41,32,250,1,Spring,All
88.83,14.19,32,250,1,Spring,All
90.62,17.58,21,200,1,Spring,All
88.73,19.55,26,160,1,Spring,All
85.58,12.39,32,270,1,Spring,All
85.8,11.59,32,270,1,Spring,All
87.33,14.2,45,250,1,Spring,All
89.73,25.55,32,160,2,Spring,All
87.85,28.17,19,70,2,Spring,All
85.23,29.91,23,200,2,Summer,All
89.72,33.72,27,250,2,Summer,All
90.58,36.86,29,250,3,Summer,All
91.38,40.74,31,250,3,Summer,All
92.01,45.46,19,230,3,Summer,All
91.48,49.08,26,200,4,Summer,All
91.53,53.29,23,270,4,Summer,All
83.08,32.37,26,50,2,Summer,All
88.39,14.95,32,230,1,Summer,All
90.49,20.14,35,200,1,Summer,All
86.12,12.53,40,250,1,Summer,All
86.17,10.18,48,250,1,Summer,All
86,11.79,42,290,1,Summer,All
86.05,13.67,32,340,1,Summer,All
86.74,17,32,290,1,Summer,All
89.64,21.92,23,250,1,Summer,All
91.16,27.17,14,20,2,Summer,All
91.42,20.7,23,200,1,Summer,All
90.77,25.44,19,70,2,Summer,All
91.05,20.44,40,270,1,Summer,All
91.1,19.95,32,250,1,Summer,All
87.83,22.22,27,340,1,Summer,All
90.34,32.95,16,360,2,Summer,All
85.86,30.49,19,50,2,Summer,All
88.42,34.61,26,50,2,Summer,All
91.05,39.97,10,230,3,Summer,All
91.15,43.84,14,360,3,Summer,All
89.7,47.27,10,250,4,Summer,All
86.96,15.98,23,50,1,Summer,All
85.66,7.1,61,230,1,Summer,All
85.71,9.65,32,250,1,Summer,All
89.36,14.11,29,270,1,Summer,All
89.07,15.03,23,290,1,Summer,All
87.23,11.4,29,250,1,Summer,All
87.55,12.07,35,270,1,Summer,All
86.55,13.66,35,250,1,Summer,All
87.77,15.73,19,270,1,Summer,All
85.18,8.71,53,200,1,Summer,All
86.86,11.02,35,250,1,Summer,All
86.9,12.96,34,230,1,Summer,All
86.95,14.28,37,270,1,Summer,All
87.05,15.86,39,290,1,Summer,All
86.09,11.34,32,290,1,Summer,All
86.84,12.96,35,270,1,Summer,All
87.2,15.08,45,230,1,Summer,All
86.71,16.76,31,250,1,Summer,All
86.76,17.6,21,270,1,Summer,All
83.66,2.82,56,230,1,Summer,All
89.38,10.56,24,250,1,Spring,All
89.43,12.14,23,290,1,Spring,All
86.26,13.81,32,320,1,Spring,All
88.67,15.76,31,290,1,Spring,All
88.72,17.8,27,200,1,Spring,All
88.77,17.14,35,250,1,Spring,All
89.78,16.27,27,180,1,Spring,All
88.49,14.95,24,160,1,Spring,All
86.61,11.24,26,70,1,Spring,All
90.29,15.78,32,250,1,Spring,All
87.95,17.85,39,230,1,Spring,All
89.15,21.19,29,270,1,Spring,All
88.92,23.31,10,90,1,Spring,All
87.81,18.12,29,360,1,Spring,All
87.04,19.71,23,290,1,Spring,All
84.32,20.99,40,230,1,Spring,All
90.52,23.29,35,250,1,Spring,All
90.57,26.61,39,290,2,Spring,All
91.21,31,10,230,2,Spring,All
91.26,36.17,35,250,3,Spring,All
85.73,23.55,29,70,1,Spring,All
89.92,16.46,32,250,1,Summer,All
90.37,14.23,45,180,1,Summer,All
90.25,17.52,45,270,1,Summer,All
88.47,20.3,32,270,1,Summer,All
91.53,28.85,39,250,2,Summer,All
87.29,21.38,27,290,1,Summer,All
89.62,24.99,29,290,2,Summer,All
89.67,28.65,13,90,2,Summer,All
89.09,31.56,16,70,2,Summer,All
90.85,26.73,16,270,2,Summer,All
94.72,33.29,27,250,2,Summer,All
92.11,37.7,26,230,3,Summer,All
92.77,42.61,24,250,3,Summer,All
92.82,47.02,32,290,4,Summer,All
90.59,49.69,23,270,4,Summer,All
89.82,52.17,16,340,4,Summer,All
89.87,54.78,21,340,4,Summer,All
87.87,56.78,16,90,4,Summer,All
85.99,43.72,24,140,3,Summer,All
88.26,47.61,34,230,4,Summer,All
88.31,22.04,29,180,1,Summer,All
91.91,17.89,10,250,1,Summer,All
91.38,22.89,21,270,1,Summer,All
91.43,19.39,31,270,1,Summer,All
91.48,23.96,40,290,2,Summer,All
90.21,27,32,270,2,Summer,All
87.24,10.88,27,250,1,Summer,All
87.66,8.57,29,230,1,Summer,All
86.15,6.87,48,230,1,Summer,All
88.99,7.73,39,270,1,Summer,All
89.04,11.37,23,230,1,Summer,All
89.14,18.08,14,320,1,Summer,All
89.26,21.66,11,250,1,Summer,All
88.1,28.16,11,180,2,Summer,All
88.04,30.62,26,50,2,Summer,All
89.44,34.23,29,250,2,Summer,All
89.7,32.02,24,270,2,Summer,All
83.56,10.69,34,20,1,Summer,All
89.02,17.85,24,230,1,Summer,All
80.03,4.83,51,50,1,Summer,All
88.27,12.21,23,50,1,Summer,All
89.61,15.89,34,230,1,Summer,All
88.92,17.92,23,230,1,Summer,All
86.58,21.02,26,180,1,Summer,All
87.53,22.77,45,250,1,Summer,All
85.42,21.11,45,270,1,Summer,All
87.63,22.65,45,270,1,Summer,All
87.68,24.13,24,250,2,Summer,All
88.45,26.06,31,250,2,Summer,All
88.68,28.13,27,230,2,Summer,All
87.02,26.6,21,270,2,Summer,All
87.4,27.77,24,250,2,Summer,All
87.45,29.01,26,340,2,Summer,All
87.5,30.02,16,50,2,Summer,All
85.63,21.59,34,320,1,Summer,All
88.77,23.54,19,270,1,Summer,All
85.9,20.37,37,250,1,Summer,All
87.03,21.75,29,270,1,Summer,All
88.25,23.11,16,290,1,Summer,All
82.9,18.99,47,160,1,Summer,All
86.04,17.98,26,230,1,Fall,All
86.13,12.48,32,270,1,Fall,All
84.18,14.52,29,250,1,Fall,All
88.61,8.76,26,250,1,Spring,All
86.65,12.28,31,250,1,Spring,All
88.25,14.29,24,240,1,Spring,All
90.13,17.62,29,180,1,Spring,All
85.57,17.7,23,330,1,Spring,All
85.7,19.67,24,180,1,Spring,All
85.85,25.04,32,180,2,Spring,All
89.97,12.19,37,250,1,Spring,All
90.05,14.92,27,320,1,Spring,All
88.27,17.1,19,40,1,Spring,All
90.69,20.8,29,240,1,Spring,All
83.27,21.89,31,180,1,Spring,All
88.54,30.63,24,20,2,Spring,All
88.59,33.4,19,60,2,Spring,All
90.91,13.58,24,290,1,Spring,All
87.89,13.66,23,290,1,Spring,All
88.41,9.69,23,60,1,Summer,All
90.35,12.48,24,250,1,Summer,All
87.66,15.13,39,60,1,Summer,All
86.97,17.11,26,60,1,Summer,All
87.68,19.44,35,290,1,Summer,All
85.46,16.31,29,230,1,Summer,All
90.11,20.37,32,180,1,Summer,All
90.23,18.32,19,240,1,Summer,All
90.28,22.77,16,240,1,Summer,All
88.37,13.97,32,270,1,Summer,All
90.78,20.14,11,230,1,Summer,All
90.83,25.46,32,180,2,Summer,All
89.38,18.03,21,210,1,Summer,All
89.24,25.89,24,250,2,Summer,All
91.47,31.41,32,250,2,Summer,All
87.94,33.8,14,260,2,Summer,All
89.07,37.67,11,10,3,Summer,All
91.95,36.79,31,250,3,Summer,All
88.93,13.3,42,240,1,Summer,All
89.73,17.89,29,160,1,Summer,All
89.78,21.15,45,250,1,Summer,All
89.83,24.81,18,270,2,Summer,All
90.96,29.67,29,240,2,Summer,All
87.29,34.86,13,60,2,Summer,All
84.24,21.55,27,270,1,Summer,All
88.67,13,29,260,1,Summer,All
88.41,16.4,32,240,1,Summer,All
88.54,8.87,37,280,1,Summer,All
86.55,9.45,32,240,1,Summer,All
87.36,11.4,24,290,1,Summer,All
87.41,13.2,27,340,1,Summer,All
87.45,15.1,29,270,1,Summer,All
87.81,15.47,29,250,1,Summer,All
86.47,18.68,27,210,1,Summer,All
86.51,20.46,19,220,1,Summer,All
83.19,6.98,45,270,1,Summer,All
85.61,6.5,37,240,1,Fall,All
90.35,23.56,13,250,2,Spring,All
90.4,27.06,19,190,2,Spring,All
90.53,28.47,16,270,2,Spring,All
89.1,30.88,16,200,2,Spring,All
85.65,25.05,24,260,2,Spring,All
87.98,22.97,21,230,1,Spring,All
88.02,25.49,24,280,2,Spring,All
89.12,21.81,34,220,1,Spring,All
85.58,24.36,24,50,2,Spring,All
88.19,19.93,16,70,1,Spring,All
88.77,23.82,18,20,2,Spring,All
88.57,27.17,11,190,2,Summer,All
88.61,21.01,24,230,1,Summer,All
89.37,15.8,18,230,1,Summer,All
90.47,20.54,11,260,1,Summer,All
90.67,16.6,21,230,1,Summer,All
86.28,9.71,39,200,1,Summer,All
88.75,14.62,40,190,1,Summer,All
88.79,18.39,29,230,1,Summer,All
90.16,17.95,37,250,1,Summer,All
92.51,24.55,32,230,2,Summer,All
92.56,30.23,18,170,2,Summer,All
85.71,14.17,26,250,1,Summer,All
88.24,15.02,29,250,1,Summer,All
90.5,20.55,18,260,1,Summer,All
90.31,24.46,23,240,2,Summer,All
90.36,27.56,16,260,2,Summer,All
88.35,32.15,27,60,2,Summer,All
87.05,34.01,11,50,2,Summer,All
88.14,37.04,8,100,3,Summer,All
88.55,33.39,19,230,2,Summer,All
88.6,36.45,23,140,3,Summer,All
86.01,18.89,24,70,1,Summer,All
89.99,28.01,10,240,2,Summer,All
90,31.15,21,250,2,Summer,All
89.42,23.95,21,240,2,Summer,All
86.93,26.91,21,240,2,Summer,All
86.98,29.1,26,340,2,Summer,All
88.63,32.4,19,260,2,Summer,All
87.3,37.86,29,300,3,Summer,All
87.87,40.21,29,280,3,Summer,All
87.16,42.09,11,180,3,Summer,All
87.98,44.22,29,290,3,Summer,All
88.76,46.34,35,310,4,Summer,All
87.22,49.62,18,170,4,Summer,All
85.98,51.13,24,200,4,Summer,All
86.53,52.88,35,250,4,Summer,All
86.57,54.29,14,320,4,Summer,All
85.98,49.27,16,250,4,Summer,All
85.84,31.54,23,230,2,Summer,All
85.89,33.3,21,240,2,Summer,All
84.99,35.3,23,10,2,Summer,All
88.04,37.67,19,160,3,Summer,All
86.99,38.92,21,280,3,Summer,All
87.04,34.62,24,200,2,Summer,All
87.21,35.95,26,270,3,Summer,All
87.26,30.69,40,240,2,Summer,All
87.31,31.89,27,290,2,Summer,All
87.35,33.6,31,260,2,Summer,All
87.4,35.38,19,310,2,Summer,All
88.62,38.16,23,230,3,Summer,All
85.71,39.49,21,170,3,Summer,All
86.56,41.34,27,250,3,Summer,All
87.17,43.11,11,280,3,Summer,All
87.26,45.84,27,280,3,Summer,All
87.62,36.89,23,290,3,Summer,All
87.91,37.81,13,260,3,Summer,All
87.66,17.64,23,60,1,Spring,All
87.58,19.24,21,60,1,Spring,All
86.93,20.43,24,60,1,Spring,All
85.66,21.21,26,70,1,Spring,All
82.79,21.99,31,190,1,Spring,All
85.09,16.68,39,220,1,Spring,All
90.71,18.23,19,70,1,Spring,All
87.98,20.33,26,60,1,Spring,All
88.43,23.18,23,70,1,Spring,All
87.89,25.34,16,60,2,Spring,All
88.86,25.91,23,240,2,Spring,All
90.61,30.42,16,250,2,Spring,All
88.75,33.16,23,60,2,Spring,All
88.21,35.78,19,60,3,Spring,All
86.63,37.79,18,60,3,Spring,All
84.63,30.29,23,220,2,Spring,All
88.81,34.44,19,240,2,Summer,All
89.18,38.56,3,80,3,Summer,All
82.15,39.4,23,40,3,Summer,All
86.34,45.31,13,40,3,Summer,All
89.59,49.77,0,0,4,Summer,All
87.49,52.3,19,200,4,Summer,All
89.42,56.7,16,190,4,Summer,All
90.21,61.31,11,10,4,Summer,All
90.23,39.07,16,160,3,Summer,All
92.66,39.84,34,340,3,Summer,All
89.79,42.71,19,10,3,Summer,All
89.84,46.53,23,220,4,Summer,All
88.98,21.99,32,220,1,Summer,All
90.86,18.64,23,220,1,Summer,All
89.77,22.63,16,220,1,Summer,All
86.99,28.21,18,40,2,Summer,All
85.59,29.79,24,40,2,Summer,All
89.82,34.77,13,220,2,Summer,All
90.96,40.48,21,220,3,Summer,All
91.4,46.25,13,220,4,Summer,All
89.8,49.91,6,10,4,Summer,All
90.92,55.14,0,0,4,Summer,All
90.97,59.8,13,40,4,Summer,All
92.14,65.41,18,220,5,Summer,All
88.33,68.27,21,40,5,Summer,All
88.38,71.92,14,130,5,Summer,All
87.86,66.23,21,140,5,Summer,All
83.71,44.51,16,260,3,Summer,All
86.55,47.45,23,250,4,Summer,All
88.52,51.01,14,260,4,Summer,All
84.63,19.24,27,260,1,Summer,All
84.29,20.34,26,360,1,Summer,All
87.45,24.06,16,330,2,Summer,All
90.34,32.98,21,250,2,Summer,All
88.63,23.55,13,250,1,Summer,All
86.23,21.73,24,250,1,Summer,All
87.6,31.22,13,230,2,Summer,All
87.34,27.17,40,210,2,Summer,All
87.39,30.24,31,230,2,Summer,All
88.17,33.22,32,270,2,Summer,All
90.09,37.4,24,190,3,Summer,All
89.24,40.55,18,240,3,Summer,All
86.41,27.8,35,260,2,Summer,All
86.67,29.93,27,280,2,Summer,All
86.67,33.73,23,230,2,Summer,All
88.16,36.55,13,260,3,Summer,All
89.55,40.51,24,240,3,Summer,All
85.87,38.98,29,250,3,Summer,All
87.32,40.83,42,250,3,Summer,All
87.77,42.69,31,280,3,Summer,All
85.07,44.55,16,250,3,Summer,All
86.25,32.51,16,260,2,Summer,All
86.99,34.27,26,220,2,Summer,All
84.34,35.44,32,190,2,Summer,All
86.02,35.33,29,250,2,Summer,All
86.07,36.73,18,250,3,Summer,All
86.62,38.48,24,220,3,Summer,All
83.31,10.81,39,240,1,Summer,All
88.17,15.06,29,190,1,Summer,All
87.8,17.04,21,180,1,Summer,All
84.17,13.52,34,160,1,Summer,All
84.21,14.14,29,240,1,Summer,All
85.44,7.34,35,250,1,Fall,All
88.67,10.72,23,280,1,Spring,All
88.93,15.03,34,200,1,Spring,All
88.98,16.41,26,250,1,Spring,All
85.67,18.78,34,310,1,Spring,All
86.44,27.24,21,10,2,Spring,All
87.45,30.74,24,50,2,Spring,All
83.67,36.63,23,280,3,Spring,All
85.81,38.9,14,50,3,Spring,All
83.78,39.97,21,70,3,Spring,All
83.32,43.37,19,60,3,Spring,All
88.85,48.91,13,20,4,Spring,All
88.49,51.25,5,100,4,Spring,All
88.54,53.85,11,50,4,Spring,All
88.59,56.72,29,200,4,Spring,All
88.64,59.75,26,210,4,Spring,All
86.99,62,19,220,4,Spring,All
91.97,26.13,34,210,2,Summer,All
90.1,29.84,11,330,2,Summer,All
88.14,20.64,23,270,1,Summer,All
88.25,24.4,23,220,2,Summer,All
87.76,23.53,29,240,1,Summer,All
89.93,29.84,14,260,2,Summer,All
90.82,34.98,8,350,2,Summer,All
94.14,41.33,19,190,3,Summer,All
89.77,44.61,23,260,3,Summer,All
90.38,37.53,14,240,3,Summer,All
90.24,41.72,0,0,3,Summer,All
90.29,46.51,13,230,4,Summer,All
89.43,50.23,10,80,4,Summer,All
90.43,55.22,27,210,4,Summer,All
86.87,57.65,24,190,4,Summer,All
89.44,61.96,32,240,4,Summer,All
92.7,67.18,37,230,5,Summer,All
92.75,72.05,37,250,5,Summer,All
85.08,73.28,10,240,5,Summer,All
89.15,68.95,32,240,5,Summer,All
89.67,72.65,27,250,5,Summer,All
92.46,61.5,27,230,4,Summer,All
92.51,67.17,37,240,5,Summer,All
91.76,71.98,24,220,5,Summer,All
83.34,37.01,19,30,3,Summer,All
85.01,39.81,47,260,3,Summer,All
89.41,44.57,21,290,3,Summer,All
88.33,20.15,32,180,1,Summer,All
86.07,23.44,29,210,1,Summer,All
86.12,26.54,19,260,2,Summer,All
84.3,27.97,24,340,2,Summer,All
90.45,37.22,27,240,3,Summer,All
90.5,41.83,35,260,3,Summer,All
89.55,12.03,32,270,1,Summer,All
87.42,9.47,27,200,1,Summer,All
86.97,11.49,32,310,1,Summer,All
87.14,14.44,37,330,1,Summer,All
88.39,18.15,34,290,1,Summer,All
88.43,22.14,23,350,1,Summer,All
90.97,27.18,23,260,2,Summer,All
90.37,21.71,10,220,1,Summer,All
86.06,11.02,29,240,1,Summer,All
87.02,6.88,32,220,1,Summer,All
87.07,9.38,34,230,1,Summer,All
85.38,5.12,45,240,1,Summer,All
86.15,13.03,40,240,1,Summer,All
87.04,14.13,37,270,1,Summer,All
85.24,15.39,27,240,1,Summer,All
84.36,18.1,42,340,1,Summer,All
84.61,18.39,64,330,1,Summer,All
85.84,20.03,26,230,1,Fall,All
87.8,14.56,19,60,1,Spring,All
89.58,28.84,19,230,2,Spring,All
87.99,28.05,32,290,2,Spring,All
86.26,29.38,19,360,2,Spring,All
84.58,32.58,21,340,2,Spring,All
87.5,34.98,14,30,2,Spring,All
90.03,38.1,23,260,3,Spring,All
90.64,41.76,27,330,3,Spring,All
90.01,44.75,14,330,3,Spring,All
90.06,47.7,11,40,4,Spring,All
88.2,49.91,19,70,4,Spring,All
88.25,52.45,21,300,4,Spring,All
90.18,55.27,26,270,4,Spring,All
90.23,57.66,23,350,4,Spring,All
88.6,59.33,5,30,4,Spring,All
88.65,61.42,11,40,4,Spring,All
90.57,64.76,11,40,5,Spring,All
87.62,66.54,11,30,5,Spring,All
84.78,68.07,13,50,5,Spring,All
89.26,71.89,27,260,5,Spring,All
89.31,74.73,16,240,5,Spring,All
87.48,76.87,8,50,5,Summer,All
82.36,48.26,19,290,4,Summer,All
83.63,50.11,14,90,4,Summer,All
85.83,39.38,24,230,3,Summer,All
90.36,43.87,27,260,3,Summer,All
88.58,45.79,5,320,3,Summer,All
89.43,49.44,13,260,4,Summer,All
90.49,42.77,34,240,3,Summer,All
88.83,45.32,27,290,3,Summer,All
88.88,48.48,16,130,4,Summer,All
91.94,53.88,13,190,4,Summer,All
92.89,59.24,8,360,4,Summer,All
89.59,62.11,19,60,4,Summer,All
90.91,66.37,21,250,5,Summer,All
92.99,71.24,26,350,5,Summer,All
91.29,74.08,14,120,5,Summer,All
90.65,66.07,11,180,5,Summer,All
91.95,71.69,27,260,5,Summer,All
92,76.42,27,250,5,Summer,All
87.32,74.81,8,90,5,Summer,All
86.45,76.82,13,270,5,Summer,All
84.73,78.23,10,70,5,Summer,All
84.87,80.4,21,60,5,Summer,All
86.31,83.17,16,30,5,Summer,All
86.36,85.72,13,60,5,Summer,All
86.41,88.04,14,70,5,Summer,All
86.46,90.24,13,60,5,Summer,All
90.81,95.05,19,190,5,Summer,All
82.16,65.2,16,170,5,Summer,All
85.3,68,26,300,5,Summer,All
86.35,71.25,5,90,5,Summer,All
88.68,72.05,39,280,5,Summer,All
88.73,75.45,27,250,5,Summer,All
91.27,80.65,35,230,5,Summer,All
86.23,43.21,13,220,3,Summer,All
88.4,11.21,40,220,1,Summer,All
89.17,9.45,26,230,1,Summer,All
85.33,7.42,34,340,1,Summer,All
87.34,11.01,37,240,1,Summer,All
89.88,15.72,37,260,1,Summer,All
90.19,20.21,26,210,1,Summer,All
87.17,12.31,27,230,1,Summer,All
93.53,16.13,32,250,1,Summer,All
87.69,12.27,23,320,1,Summer,All
87.27,10.38,34,290,1,Summer,All
87.39,17.95,23,210,1,Summer,All
88.82,11.4,32,200,1,Summer,All
86.42,7.76,37,270,1,Summer,All
87.05,16.82,22,250,1,Spring,All
87.29,18.06,19,300,1,Spring,All
88.53,20.01,28,240,1,Spring,All
84.72,23.66,28,60,2,Spring,All
81.69,15.97,37,340,1,Spring,All
88.56,18.52,22,290,1,Spring,All
90.54,21.6,24,290,1,Spring,All
87.29,23.05,17,60,1,Spring,All
87.93,26.3,30,200,2,Spring,All
85.17,24.44,26,190,2,Spring,All
83.74,24.8,41,190,2,Spring,All
87.05,28.1,22,220,2,Spring,All
89.66,32.52,17,20,2,Spring,All
84.64,20.56,28,30,1,Spring,All
87.77,25.26,22,360,2,Spring,All
88.93,24.43,11,70,2,Summer,All
91.97,30.07,17,100,2,Summer,All
94.84,37.13,30,230,3,Summer,All
92.39,41.83,28,220,3,Summer,All
87.98,47.01,11,240,4,Summer,All
89.59,51.57,11,190,4,Summer,All
89.64,55.26,11,70,4,Summer,All
90.33,59.84,28,170,4,Summer,All
88.58,62.62,6,160,5,Summer,All
84.8,63.94,9,30,5,Summer,All
88.43,66.83,19,270,5,Summer,All
87.22,48.22,11,20,4,Summer,All
87.27,46.13,28,240,4,Summer,All
85.43,24.98,28,220,2,Summer,All
88.05,10.16,26,180,1,Summer,All
88.1,8.82,28,240,1,Summer,All
87.44,8.88,28,260,1,Summer,All
87.49,11.6,24,270,1,Summer,All
88.19,17.91,22,320,1,Summer,All
86,16.63,30,260,1,Summer,All
87.28,7.16,37,330,1,Summer,All
89.86,14.58,33,240,1,Spring,All
89.33,15.89,19,310,1,Spring,All
89.38,16.9,19,250,1,Spring,All
80.22,14.86,46,310,1,Spring,All
88.53,12.11,28,200,1,Spring,All
87.09,14.83,24,210,1,Spring,All
90.93,7.68,30,220,1,Spring,All
90.01,17.26,11,180,1,Summer,All
91.3,18.79,30,260,1,Summer,All
90.06,25.69,11,250,2,Summer,All
91.1,24.57,22,240,2,Summer,All
87.57,23.57,19,340,2,Summer,All
90.34,27.93,22,240,2,Summer,All
90.39,32.01,28,260,2,Summer,All
85.53,24.76,22,70,2,Summer,All
87.72,13.4,41,240,1,Summer,All
89.27,20.52,17,150,1,Summer,All
88.05,17.86,28,230,1,Summer,All
89.41,22.1,30,220,1,Summer,All
89.45,24.98,37,270,2,Summer,All
89.31,27.72,28,280,2,Summer,All
86.55,19.03,22,270,1,Summer,All
86.9,21.71,22,300,1,Summer,All
86.94,24.26,22,270,2,Summer,All
92.31,29.94,41,230,2,Summer,All
87.29,11.08,28,260,1,Summer,All
87.19,11.78,28,300,1,Summer,All
84.53,17.13,30,270,1,Summer,All
88.15,20.19,30,230,1,Summer,All
87.72,22.15,35,280,1,Summer,All
88.06,10.66,24,270,1,Summer,All
86.42,11.43,28,200,1,Summer,All
85.8,12.64,26,220,1,Summer,All
85.28,13.45,31,280,1,Summer,All
86,12.66,31,290,1,Summer,All
86.74,14.27,35,280,1,Summer,All
87.31,16.37,28,220,1,Summer,All
87.35,18.79,26,230,1,Summer,All
87.36,9.78,28,260,1,Spring,All
88.06,12.34,28,240,1,Spring,All
93.32,17.14,28,210,1,Spring,All
93.78,21.96,26,230,1,Spring,All
92.23,26.48,22,220,2,Spring,All
86.13,13.2,46,250,1,Spring,All
88.54,16.83,17,320,1,Spring,All
88.59,18.85,22,50,1,Spring,All
91.43,25.5,9,30,2,Spring,All
91.55,29.34,17,50,2,Spring,All
88.14,31.63,19,80,2,Spring,All
90.12,26.66,30,180,2,Spring,All
87.79,13.12,28,300,1,Spring,All
91.79,18.88,24,220,1,Summer,All
94.97,25.7,31,250,2,Summer,All
95.02,31.68,28,250,2,Summer,All
88.49,22.85,19,240,1,Summer,All
85.57,23.24,22,240,1,Summer,All
85.77,17.99,22,290,1,Summer,All
89.5,22.27,30,240,1,Summer,All
88.51,9.18,28,240,1,Summer,All
90.52,13.89,30,250,1,Summer,All
88.75,13.64,22,240,1,Summer,All
87.64,18,22,310,1,Summer,All
86.94,8.6,28,250,1,Summer,All
85.68,14.66,30,260,1,Summer,All
84.93,10.55,37,230,1,Summer,All
88.7,16.02,30,250,1,Spring,All
92.52,19.99,28,240,1,Spring,All
85.09,22.1,26,300,1,Spring,All
90.52,25.54,31,240,2,Spring,All
86.47,26.35,22,10,2,Spring,All
81.94,24.5,28,320,2,Spring,All
90.2,30.52,7,220,2,Spring,All
87.32,19.6,22,70,1,Spring,All
84.46,24.44,22,60,2,Spring,All
86.38,25.68,31,210,2,Spring,All
87.15,21.37,26,220,1,Spring,All
87.2,16.61,28,250,1,Spring,All
86,14.29,28,260,1,Spring,All
84.13,14.07,37,160,1,Spring,All
87.96,18.74,28,240,1,Summer,All
91.24,25.42,15,230,2,Summer,All
88.61,28.45,13,50,2,Summer,All
88.77,14.33,31,230,1,Summer,All
89.5,18.8,17,180,1,Summer,All
86.46,22.26,19,160,1,Summer,All
92.44,16.79,22,190,1,Summer,All
90.57,16.94,13,240,1,Summer,All
91.89,23.7,28,240,2,Summer,All
90.19,28.36,26,240,2,Summer,All
85.05,12.52,31,350,1,Summer,All
90.11,25.07,11,140,2,Summer,All
90.95,30.37,7,140,2,Summer,All
90.17,29.24,7,300,2,Summer,All
84.84,33.87,28,310,2,Summer,All
87.14,35.47,30,320,2,Summer,All
84.47,36.59,19,300,3,Summer,All
88.61,40.02,28,330,3,Summer,All
87.54,29.23,28,270,2,Summer,All
88.54,32.57,26,250,2,Summer,All
86.91,10.06,31,220,1,Summer,All
86.89,10.58,37,270,1,Summer,All
82.13,6.76,46,270,1,Fall,All
83.84,7.88,37,300,1,Fall,All
88.78,10.05,22,230,1,Spring,All
91.34,22.3,11,70,1,Spring,All
86.69,24.4,22,330,2,Spring,All
89.54,26.53,26,250,2,Spring,All
89.96,29.9,28,240,2,Spring,All
89.75,32.73,11,200,2,Spring,All
84.43,34.21,26,200,2,Spring,All
87.88,27.37,28,280,2,Spring,All
90.13,30.54,28,300,2,Spring,All
89.04,21.64,22,20,1,Spring,All
90.44,13.25,26,240,1,Spring,All
86.53,14.63,28,340,1,Spring,All
87.5,13.12,28,300,1,Spring,All
92.4,18.6,31,230,1,Spring,All
91.55,22.12,28,260,1,Summer,All
91.46,25.46,9,150,2,Summer,All
88.84,13.5,19,150,1,Summer,All
87.31,13.8,28,180,1,Summer,All
92.88,14.89,28,280,1,Summer,All
93,20.61,37,270,1,Summer,All
90.72,23.65,46,290,2,Summer,All
89.31,25.93,15,30,2,Summer,All
90.64,30.01,28,180,2,Summer,All
89.36,26.52,28,250,2,Summer,All
84.11,24.95,28,70,2,Summer,All
84.16,26.34,22,50,2,Summer,All
93.02,15.56,13,260,1,Summer,All
93.2,20.18,22,210,1,Summer,All
90.29,18.48,28,200,1,Summer,All
87.97,9.49,41,290,1,Summer,All
90.84,13.27,28,220,1,Summer,All
90.97,20.02,28,230,1,Summer,All
88.11,13.78,37,230,1,Summer,All
90.33,11.93,37,240,1,Summer,All
87.18,11.67,28,250,1,Summer,All
88.74,14.57,28,270,1,Summer,All
87.34,18.35,28,290,1,Summer,All
87.66,18.51,22,250,1,Summer,All
88.41,30.57,19,250,2,Summer,All
87.74,32.48,22,70,2,Summer,All
85.82,18.38,28,240,1,Summer,All
84.64,7.27,37,340,1,Summer,All
78.98,11.45,44,40,1,Summer,All
81.34,12.05,65,40,1,Summer,All
85.77,14.01,26,230,1,Fall,All
85.95,15.64,28,240,1,Fall,All
88.17,14.47,30,260,1,Spring,All
86.18,16.34,46,330,1,Spring,All
88.28,20.34,28,320,1,Spring,All
88.33,22.61,28,180,1,Spring,All
87.49,26.3,28,30,2,Spring,All
83.79,18.41,28,170,1,Spring,All
86.6,11.24,28,230,1,Spring,All
86.52,10.77,28,300,1,Spring,All
92.54,21.5,15,220,1,Spring,All
88.65,20.23,15,60,1,Summer,All
86.89,21.37,26,180,1,Summer,All
85.87,13.43,46,220,1,Summer,All
85.77,15.18,31,250,1,Summer,All
89.44,9.25,22,210,1,Summer,All
89.33,13.05,28,310,1,Summer,All
90.74,18.8,26,250,1,Summer,All
89.4,22.57,19,160,1,Summer,All
88.32,25.87,19,170,2,Summer,All
84.73,22.28,22,340,1,Summer,All
85.75,20.03,28,210,1,Summer,All
90.57,26.03,26,260,2,Summer,All
89.17,25.05,9,200,2,Summer,All
88.89,18.67,15,60,1,Summer,All
90.86,26.72,9,200,2,Summer,All
90.91,31.79,11,160,2,Summer,All
88.06,34.45,28,50,2,Summer,All
88.11,38.16,7,350,3,Summer,All
90.84,42.84,6,140,3,Summer,All
87.97,31.56,30,290,2,Summer,All
88.02,33.67,35,250,2,Summer,All
87.03,25.93,20,260,2,Summer,All
88.24,29.37,9,330,2,Summer,All
89.63,33.4,4,60,2,Summer,All
89.68,34.51,6,210,2,Summer,All
89.73,38.35,15,200,3,Summer,All
86.71,22.89,22,200,1,Summer,All
86.76,25.56,26,220,2,Summer,All
88.52,26.99,13,220,2,Summer,All
89.65,31.67,13,70,2,Summer,All
86.39,23.5,28,220,1,Summer,All
85.95,16.3,28,250,1,Summer,All
87.04,19.29,33,230,1,Summer,All
84.62,4.74,46,230,1,Summer,All
87.94,11.27,28,230,1,Summer,All
87.2,9.79,28,290,1,Summer,All
87.38,11.53,28,230,1,Summer,All
84.05,13.1,46,250,1,Summer,All
86.65,15.31,28,240,1,Summer,All
86.7,17.71,28,220,1,Summer,All
87.51,18.8,28,300,1,Summer,All
87.56,19.84,37,280,1,Summer,All
85.14,19.96,26,340,1,Summer,All
86.08,20.98,28,290,1,Summer,All
85.88,21.49,28,310,1,Summer,All
85.11,22.27,26,310,1,Summer,All
85.14,22.57,31,350,1,Summer,All
88.7,25.5,22,230,2,Fall,All
90.43,27.75,22,290,2,Fall,All
85.52,15.85,28,270,1,Spring,All
87.55,17.11,22,180,1,Spring,All
90.23,21.17,28,310,1,Spring,All
84.04,26.43,22,360,2,Spring,All
84.09,27.36,31,70,2,Spring,All
90.23,30.83,19,20,2,Spring,All
86.51,36.04,31,50,3,Spring,All
83.79,36.56,19,70,3,Spring,All
84.5,38.91,28,30,3,Spring,All
85.24,25.11,20,290,2,Spring,All
89.49,28.26,19,60,2,Spring,All
90.48,28.42,28,180,2,Spring,All
87.75,18.59,37,240,1,Spring,All
88.81,20.78,31,270,1,Spring,All
89.29,21.66,28,240,1,Summer,All
86.04,22.96,37,250,1,Summer,All
85.51,24.28,24,270,2,Summer,All
88.49,28.34,24,250,2,Summer,All
84.87,20.51,37,260,1,Summer,All
87.88,25.11,24,240,2,Summer,All
91.3,18.21,28,270,1,Summer,All
90.24,14.66,19,230,1,Summer,All
88.89,18.09,19,220,1,Summer,All
90.62,22.87,28,260,1,Summer,All
87.69,25.52,13,50,2,Summer,All
85.98,24.67,19,280,2,Summer,All
90.98,30.35,28,200,2,Summer,All
88.93,33.8,22,170,2,Summer,All
90.64,11.47,22,210,1,Summer,All
92.24,19.02,20,210,1,Summer,All
90.22,22.01,22,40,1,Summer,All
90.72,25.76,7,230,2,Summer,All
88.15,30.83,22,330,2,Summer,All
91.31,34.88,13,230,2,Summer,All
85.5,17.05,26,300,1,Summer,All
90.14,21.31,13,220,1,Summer,All
90.19,24.97,28,280,2,Summer,All
88.55,21.9,28,290,1,Summer,All
89.39,25.15,31,230,2,Summer,All
88.34,24.29,24,260,2,Summer,All
88.97,27.6,30,270,2,Summer,All
87.72,22.15,28,240,1,Summer,All
86.33,23.68,28,70,2,Summer,All
86.15,25.14,22,350,2,Summer,All
88.75,28.59,28,210,2,Summer,All
88.8,23.93,13,180,2,Summer,All
90.98,28.94,28,240,2,Summer,All
91.47,33.93,31,230,2,Summer,All
89.39,36.72,13,360,3,Summer,All
87.97,39.31,22,240,3,Summer,All
89.93,42.81,13,240,3,Summer,All
89.47,45.24,19,40,3,Summer,All
86.4,46.9,28,40,4,Summer,All
82.95,22.8,28,320,1,Summer,All
86.84,21.71,19,260,1,Summer,All
86.88,24.26,28,280,2,Summer,All
86.16,18.84,28,270,1,Summer,All
86.83,10.97,28,290,1,Summer,All
83.15,5.51,46,260,1,Summer,All
86.33,7.09,37,290,1,Summer,All
86.92,10.44,31,250,1,Fall,All
87.99,12.83,37,250,1,Fall,All
87.01,7.84,37,230,1,Fall,All
85.86,11.82,37,150,1,Spring,All
85.3,12.01,37,290,1,Spring,All
87.42,14.28,28,240,1,Spring,All
88.53,16.84,37,280,1,Spring,All
90.9,20.68,28,220,1,Spring,All
85.44,12.61,37,260,1,Spring,All
86.88,10.19,28,270,1,Spring,All
88.03,12.83,28,250,1,Spring,All
87.04,14.23,37,250,1,Spring,All
89,17.75,19,250,1,Spring,All
92.47,13.45,28,220,1,Summer,All
91.83,17.1,19,210,1,Summer,All
83.95,21.36,28,40,1,Summer,All
85.83,10.77,28,250,1,Summer,All
85.1,17.43,26,210,1,Summer,All
90.23,22.17,28,280,1,Summer,All
87.21,24.74,28,150,2,Summer,All
87.26,27.8,28,260,2,Summer,All
85.93,17.95,28,70,1,Summer,All
87.35,15.28,20,360,1,Summer,All
87.4,11.58,26,50,1,Summer,All
89.45,13.97,17,280,1,Summer,All
88.82,20.06,20,210,1,Summer,All
87,20.37,19,180,1,Summer,All
85.56,7.52,37,240,1,Summer,All
88.12,16.34,22,140,1,Summer,All
88.83,21.49,13,260,1,Summer,All
89.93,26.27,26,220,2,Summer,All
88.79,28.64,13,10,2,Summer,All
90.46,32.12,22,260,2,Summer,All
88.87,34.61,28,330,2,Summer,All
90.85,38.56,46,240,3,Summer,All
90.9,41.62,37,280,3,Summer,All
90.02,44.32,28,240,3,Summer,All
88.73,37.19,37,140,3,Summer,All
88.77,39.73,7,140,3,Summer,All
90.03,43.05,7,120,3,Summer,All
89.04,39.58,46,210,3,Summer,All
88.94,42.04,9,300,3,Summer,All
89.62,45.5,13,250,3,Summer,All
91.44,50.03,28,250,4,Summer,All
92.69,54.51,19,280,4,Summer,All
92.74,59.26,9,30,4,Summer,All
88.38,61.86,28,170,4,Summer,All
86.87,50.32,15,50,4,Summer,All
87.66,52.96,19,130,4,Summer,All
87.34,55.16,19,260,4,Summer,All
85.59,56.84,19,70,4,Summer,All
86.4,43.09,13,60,3,Summer,All
87.21,45.71,13,250,3,Summer,All
90.36,53.32,28,220,4,Summer,All
90.41,57.45,33,230,4,Summer,All
89.76,60.82,19,260,4,Summer,All
88.52,51.27,7,20,4,Summer,All
85.73,52.79,9,70,4,Summer,All
83.87,54.1,19,60,4,Summer,All
85.57,21.33,37,250,1,Summer,All
86.42,23.43,22,330,1,Summer,All
89.05,26.83,28,240,2,Summer,All
88.95,29.9,28,240,2,Summer,All
86.18,6.11,37,250,1,Summer,All
86.85,7.35,31,260,1,Summer,All
86.9,8.89,37,260,1,Summer,All
86.99,12.17,28,240,1,Summer,All
84.15,12.35,37,270,1,Summer,All
86.31,9.83,28,290,1,Spring,All
87.72,10.33,28,160,1,Spring,All
87.5,11.99,24,270,1,Spring,All
87.96,7.91,26,230,1,Spring,All
89.03,13.2,19,40,1,Spring,All
88.69,13.69,28,90,1,Spring,All
88.74,12.65,22,40,1,Spring,All
88.58,14.24,28,220,1,Summer,All
88.63,18.01,28,160,1,Summer,All
88.68,21.69,19,140,1,Summer,All
93.59,34.04,28,260,2,Summer,All
91.96,37.26,28,320,3,Summer,All
89.24,39.79,28,300,3,Summer,All
88.01,35.61,24,290,3,Summer,All
90.59,39.53,19,280,3,Summer,All
91.62,42.27,19,260,3,Summer,All
83.89,34.1,28,250,2,Summer,All
87.14,36.9,28,40,3,Summer,All
88.34,16.82,28,250,1,Summer,All
88.39,20.51,26,240,1,Summer,All
89.63,12.85,28,260,1,Summer,All
89.59,9.85,19,250,1,Summer,All
89.72,9.69,31,270,1,Summer,All
91.1,13.72,28,240,1,Summer,All
87.79,14.73,19,210,1,Summer,All
86.83,11.43,28,270,1,Summer,All
87.64,10.01,48,260,1,Summer,All
87.69,11.36,44,300,1,Summer,All
93.01,15.96,31,330,1,Spring,All
93.71,20.9,19,260,1,Spring,All
94.39,26.46,19,260,2,Spring,All
93.57,30.89,13,310,2,Spring,All
94.26,36.93,30,240,3,Spring,All
91.88,27.32,6,280,2,Spring,All
87.88,23.9,13,340,2,Spring,All
91.93,28.66,13,230,2,Spring,All
91.98,31.46,22,40,2,Spring,All
87.59,32.55,19,240,2,Spring,All
91.62,40.06,19,220,3,Spring,All
81.39,42.72,22,150,3,Spring,All
82.04,43.87,20,270,3,Spring,All
87.38,45.87,28,240,3,Spring,All
87.11,29.99,19,220,2,Spring,All
87.15,31.39,31,290,2,Spring,All
88.62,33.62,33,290,2,Spring,All
87.41,35.11,22,280,2,Spring,All
86.66,22.66,19,50,1,Spring,All
88.04,14.21,19,30,1,Spring,All
87.3,16.98,28,210,1,Spring,All
86.27,11.87,28,290,1,Summer,All
89.08,25.67,9,110,2,Summer,All
88.09,28.98,19,260,2,Summer,All
90.64,13.31,24,190,1,Summer,All
87.75,23.52,13,150,1,Summer,All
90.16,18.11,15,60,1,Summer,All
89.59,25.62,7,30,2,Summer,All
89.64,25.04,9,60,2,Summer,All
89.82,29.74,33,230,2,Summer,All
90.01,34.43,26,230,2,Summer,All
88.07,11.42,31,240,1,Summer,All
88.35,16.43,28,230,1,Summer,All
89.71,20.75,28,220,1,Summer,All
89.76,24.69,22,260,2,Summer,All
85.79,26.47,19,60,2,Summer,All
88.25,30.23,11,180,2,Summer,All
92.7,25.92,19,230,2,Summer,All
85.99,7.92,35,240,1,Summer,All
86.75,4.57,37,270,1,Fall,All
89.25,5.79,31,230,1,Fall,All
90.53,11.67,30,220,1,Spring,All
90.58,11.22,20,190,1,Spring,All
88.79,16.49,41,320,1,Spring,All
87.94,14.48,19,30,1,Spring,All
87.99,15.93,22,260,1,Spring,All
88.56,17.48,35,270,1,Spring,All
89.58,19.59,26,280,1,Spring,All
86.97,18.3,19,270,1,Spring,All
91.18,24.29,33,260,2,Spring,All
89.98,19.8,22,70,1,Spring,All
86.57,22.8,22,30,1,Spring,All
90.12,21.88,17,180,1,Spring,All
90.45,26.49,33,230,2,Spring,All
85.85,10.62,31,320,1,Spring,All
88.96,14.75,20,240,1,Spring,All
87.12,23.22,17,50,1,Summer,All
85.24,24.31,20,50,2,Summer,All
86.18,22.06,20,200,1,Summer,All
89.17,26.68,31,240,2,Summer,All
85.11,28.05,22,60,2,Summer,All
88.68,31.44,28,330,2,Summer,All
91.14,35.83,20,280,3,Summer,All
89.16,38.56,17,50,3,Summer,All
87.97,44.31,19,220,3,Summer,All
91.27,49.44,19,240,4,Summer,All
90,52.74,17,10,4,Summer,All
82.6,40.09,24,240,3,Summer,All
87.17,43.48,9,10,3,Summer,All
89.39,42.71,15,170,3,Summer,All
87.75,31.16,13,80,2,Summer,All
86.13,8.17,35,220,1,Summer,All
85.05,8.52,35,270,1,Summer,All
85.88,13.52,26,180,1,Summer,All
88.77,18.36,15,330,1,Summer,All
89.88,23.31,15,230,1,Summer,All
87.99,19.22,30,180,1,Summer,All
86.93,14.07,26,190,1,Summer,All
89.37,22.35,11,210,1,Summer,All
85.51,14.2,30,300,1,Summer,All
90.87,19.01,30,290,1,Summer,All
88.32,21.52,15,30,1,Summer,All
85,15.99,31,240,1,Summer,All
85.95,17.32,31,230,1,Summer,All
86.91,19.98,37,240,1,Summer,All
86.43,19.27,33,240,1,Summer,All
86.73,24.49,20,230,2,Summer,All
87.71,27.37,17,270,2,Summer,All
87.53,29.44,19,290,2,Summer,All
86.38,21.37,24,150,1,Summer,All
88.96,17.67,20,250,1,Summer,All
89.33,21.29,30,240,1,Summer,All
85.38,16.68,35,260,1,Summer,All
85.97,4.51,39,240,1,Fall,All
87.25,8.33,28,290,1,Fall,All
88.3,18.05,17,250,1,Spring,All
92.55,25.34,19,230,2,Spring,All
94.74,31.64,28,240,2,Spring,All
85.15,13.57,39,30,1,Spring,All
85.83,9.24,41,300,1,Spring,All
89.72,15.05,19,240,1,Spring,All
88.14,11.73,26,260,1,Spring,All
92.9,16.76,22,220,1,Spring,All
86.32,18.23,22,60,1,Summer,All
87.67,21.56,30,210,1,Summer,All
92.74,13.78,33,220,1,Summer,All
91.83,16.81,6,340,1,Summer,All
91.45,19.89,9,150,1,Summer,All
91.21,23.12,9,180,1,Summer,All
86.25,15.3,26,170,1,Summer,All
87.68,12.87,26,250,1,Summer,All
90.92,16.67,22,270,1,Summer,All
88.07,14.39,24,270,1,Summer,All
90.83,16.85,20,220,1,Summer,All
89.82,19.96,15,260,1,Summer,All
87.51,24.12,17,70,2,Summer,All
87.99,27.68,19,260,2,Summer,All
88.88,28.78,17,210,2,Summer,All
92.8,34.78,20,190,2,Summer,All
89.13,26.53,15,220,2,Summer,All
88.73,29.19,30,300,2,Summer,All
89.13,32.3,24,290,2,Summer,All
90.98,36.24,28,210,3,Summer,All
91.03,39.49,26,300,3,Summer,All
91.08,42.6,6,30,3,Summer,All
85.87,33.61,20,180,2,Summer,All
89.44,27.34,22,230,2,Summer,All
88.37,30.4,26,240,2,Summer,All
88.75,33.47,13,290,2,Summer,All
89.19,36.79,6,250,3,Summer,All
83.85,39.76,22,50,3,Summer,All
88.27,43.41,22,150,3,Summer,All
86.85,45.22,11,240,3,Summer,All
88.62,48.27,7,170,4,Summer,All
82.59,27.82,30,270,2,Summer,All
86.38,31.83,15,230,2,Summer,All
88.56,35.66,7,140,3,Summer,All
89.85,40.1,4,170,3,Summer,All
89.9,43.75,22,200,3,Summer,All
88.39,46.59,30,230,4,Summer,All
88.92,50.23,22,220,4,Summer,All
88.18,52.9,20,240,4,Summer,All
88.23,55.7,22,300,4,Summer,All
87.88,57.92,11,230,4,Summer,All
87.93,47.9,22,220,4,Summer,All
87.83,49.41,22,340,4,Summer,All
87.64,51.04,17,300,4,Summer,All
88.11,53.68,2,130,4,Summer,All
87.43,28.74,30,190,2,Summer,All
86.37,29,35,210,2,Summer,All
87.38,31.31,37,260,2,Summer,All
88.05,33.72,37,260,2,Summer,All
87.41,37.84,26,240,3,Summer,All
83.38,38.48,19,20,3,Summer,All
83.43,39.27,26,340,3,Summer,All
87.82,10.19,30,300,1,Spring,All
90.74,13.95,30,240,1,Spring,All
89.13,17.25,17,210,1,Spring,All
90.03,21.58,13,10,1,Spring,All
90.71,25.69,31,250,2,Spring,All
88.31,26.39,17,90,2,Spring,All
89.63,28.71,15,260,2,Spring,All
90.26,14.56,19,60,1,Spring,All
89.62,17.57,24,60,1,Spring,All
91.57,20.24,22,290,1,Spring,All
92.85,25.43,30,280,2,Spring,All
92.9,30.28,9,140,2,Spring,All
89.34,33.34,41,250,2,Spring,All
87.74,35.7,11,40,3,Spring,All
90.78,40.05,15,30,3,Summer,All
87.86,36.24,17,360,3,Summer,All
87.91,39.41,7,50,3,Summer,All
90.47,44.08,13,20,3,Summer,All
92.44,49.47,7,290,4,Summer,All
94.05,55.24,4,200,4,Summer,All
88.36,57.72,19,70,4,Summer,All
92.65,26.18,22,250,2,Summer,All
87.79,28.89,37,220,2,Summer,All
89.81,33.01,9,100,2,Summer,All
91.88,37.9,31,240,3,Summer,All
89.9,40.35,2,180,3,Summer,All
90.13,44.18,33,240,3,Summer,All
89.12,33.01,6,110,2,Summer,All
89.17,28.06,20,240,2,Summer,All
85.7,26.45,19,40,2,Summer,All
87.69,6.94,33,250,1,Summer,All
87.74,10.58,26,210,1,Summer,All
88.98,14.57,17,250,1,Summer,All
89.12,14.53,22,310,1,Summer,All
88.95,16.26,31,260,1,Summer,All
88.62,19.78,30,240,1,Summer,All
88.67,23.33,28,270,1,Summer,All
89.59,9.94,30,240,1,Summer,All
88.51,13.84,24,280,1,Summer,All
90.51,9.62,33,270,1,Summer,All
88.84,20.98,44,240,1,Summer,All
88.45,10.63,22,230,1,Summer,All
89.02,11.78,35,240,1,Summer,All
89.06,10.99,31,240,1,Summer,All
83.78,12.96,33,50,1,Spring,All
88.99,25.19,17,40,2,Spring,All
88.99,26.96,54,250,2,Spring,All
89.04,28.72,11,70,2,Spring,All
83.47,29.13,28,320,2,Spring,All
88.15,31.45,30,300,2,Spring,All
90.76,35.47,39,270,2,Spring,All
88.64,35.83,26,250,3,Spring,All
88.64,28.21,30,190,2,Spring,All
86.64,19.46,22,340,1,Spring,All
89.26,24.83,13,270,2,Spring,All
89.03,27.41,31,340,2,Spring,All
86.92,31.68,35,250,2,Spring,All
93.43,40.59,41,240,3,Spring,All
88.2,42.28,26,340,3,Spring,All
88.25,44.82,4,350,3,Spring,All
91.07,49.04,7,240,4,Summer,All
89.65,51.93,19,50,4,Summer,All
87.46,53.75,26,50,4,Summer,All
92.63,58.76,19,160,4,Summer,All
88.45,37.58,22,190,3,Summer,All
84.83,39.11,17,210,3,Summer,All
84.88,41.27,20,240,3,Summer,All
90.21,24.75,28,300,2,Summer,All
90.26,23.14,9,310,1,Summer,All
85.55,27.11,20,50,2,Summer,All
91.44,26.14,15,180,2,Summer,All
84.74,27.8,35,300,2,Summer,All
89.61,32.41,6,20,2,Summer,All
89.71,37.21,19,320,3,Summer,All
84.8,38.41,17,60,3,Summer,All
89.06,29.22,15,250,2,Summer,All
91.02,12.02,19,260,1,Summer,All
87.94,8.87,24,270,1,Summer,All
87.96,10.93,22,320,1,Summer,All
88.01,14.5,33,250,1,Summer,All
90.35,19.59,37,300,1,Summer,All
91.81,24.22,37,290,2,Summer,All
89.64,26.89,24,240,2,Summer,All
84.24,12.97,33,240,1,Summer,All
85.67,9.04,33,250,1,Summer,All
87.89,14.68,22,190,1,Summer,All
88.26,17.55,33,270,1,Summer,All
88.31,20.51,46,220,1,Summer,All
88.15,16.24,30,210,1,Summer,All
88.17,12,31,280,1,Summer,All
86.41,8.78,30,240,1,Summer,All
83.89,15.51,37,240,1,Summer,All
86.13,17.21,28,240,1,Summer,All
86.18,18.32,33,260,1,Summer,All
89.03,14.8,17,250,1,Spring,All
88,15.28,19,320,1,Spring,All
88.13,16.88,28,270,1,Spring,All
85.96,18.13,24,260,1,Spring,All
85.14,22.76,33,320,1,Spring,All
86.33,24.06,35,290,2,Spring,All
87.1,25.64,19,300,2,Spring,All
90.88,14.86,15,310,1,Summer,All
93.07,25.98,9,180,2,Summer,All
93.12,31.95,20,170,2,Summer,All
89.74,35.31,15,40,2,Summer,All
88.42,20.98,19,300,1,Summer,All
91.51,26.48,19,300,2,Summer,All
91.56,31.48,4,310,2,Summer,All
88.3,31.52,37,330,2,Summer,All
88.15,33.56,11,10,2,Summer,All
88.78,37.03,7,250,3,Summer,All
88.83,40.11,7,50,3,Summer,All
89.13,43.44,9,200,3,Summer,All
89.18,46.14,13,320,4,Summer,All
87.68,39.41,26,250,3,Summer,All
88.99,42.63,6,240,3,Summer,All
86.61,35.09,19,360,2,Summer,All
87.51,37.75,15,260,3,Summer,All
87.11,14.27,26,240,1,Summer,All
84.21,16.38,31,320,1,Summer,All
86.05,21.14,24,270,1,Summer,All
86.41,15.11,35,220,1,Summer,All
88.16,18.07,19,240,1,Summer,All
88.86,21.43,15,170,1,Summer,All
82.56,22.84,28,300,1,Summer,All
85.63,29.97,30,200,2,Summer,All
85.2,29.42,41,280,2,Summer,All
83.61,30.18,22,190,2,Summer,All
85.35,28.33,19,280,2,Summer,All
86.87,25.79,35,230,2,Summer,All
88.18,9.53,30,250,1,Spring,All
88.23,11.74,26,190,1,Spring,All
90.14,15.99,22,200,1,Spring,All
90.19,17.75,22,300,1,Spring,All
90.24,20.25,24,200,1,Spring,All
87.29,14.94,35,290,1,Spring,All
88.44,18.27,17,270,1,Spring,All
88.2,12.71,30,260,1,Spring,All
88.25,15.88,20,300,1,Spring,All
89.75,19.78,15,360,1,Spring,All
93.71,26.51,33,200,2,Spring,All
93.76,31.9,24,180,2,Summer,All
86.85,33.6,28,70,2,Summer,All
85.53,38.82,15,60,3,Summer,All
84.95,33.27,20,80,2,Summer,All
91.78,26.4,7,40,2,Summer,All
91.42,30.7,15,90,2,Summer,All
89.48,37.47,11,30,3,Summer,All
89.53,41.44,11,40,3,Summer,All
89.57,32.11,15,200,2,Summer,All
89.62,35.32,17,20,2,Summer,All
89.67,38.84,13,70,3,Summer,All
89.72,42.57,17,80,3,Summer,All
86.95,44.29,9,40,3,Summer,All
83.4,45.16,20,10,3,Summer,All
87.84,35.53,28,190,2,Summer,All
86.07,21.42,22,220,1,Summer,All
87.16,17.51,28,290,1,Summer,All
86.7,19.9,28,290,1,Summer,All
90.68,14.42,17,250,1,Summer,All
89.77,11.98,35,300,1,Summer,All
89.82,16.2,19,320,1,Summer,All
89.91,21.02,33,260,1,Summer,All
86.61,11.5,26,300,1,Summer,All
88.88,15.24,20,290,1,Summer,All
89.47,19.12,22,280,1,Summer,All
89.73,23.34,37,270,1,Summer,All
92.24,28.45,28,280,2,Summer,All
92.29,32.94,26,280,2,Summer,All
86.98,8.3,28,260,1,Summer,All
87.03,10.45,26,280,1,Summer,All
86.46,13.65,26,270,1,Summer,All
84.59,15.08,30,190,1,Summer,All
87.59,17.22,30,260,1,Summer,All
87.86,19.73,19,250,1,Summer,All
85.24,13.33,33,270,1,Summer,All
89.59,18.84,26,280,1,Summer,All
88.68,7.72,28,260,1,Spring,All
89.34,9.32,22,200,1,Spring,All
93.48,21.95,22,260,1,Spring,All
87.14,23.37,19,70,1,Spring,All
90.75,25.95,35,260,2,Spring,All
89.34,28.1,28,340,2,Summer,All
89.39,31.2,7,40,2,Summer,All
89.44,34.37,20,40,2,Summer,All
85.68,35.79,20,30,3,Summer,All
84.06,36.95,26,20,3,Summer,All
85.23,39.19,22,230,3,Summer,All
86.55,32.9,13,80,2,Summer,All
88.19,34.73,7,80,2,Summer,All
92.18,40.03,35,230,3,Summer,All
84.36,34.24,19,80,2,Summer,All
85.59,38.12,24,280,3,Summer,All
86.63,40.91,22,340,3,Summer,All
85.25,46.25,15,70,4,Summer,All
85.3,40.62,15,80,3,Summer,All
82.32,43.15,24,60,3,Summer,All
82.36,44.38,43,60,3,Summer,All
82.22,45.27,41,50,3,Summer,All
82.11,46.1,20,40,3,Summer,All
82.97,47.53,20,70,4,Summer,All
83.46,49.21,15,40,4,Summer,All
91.91,21.7,20,270,1,Summer,All
85.4,23.48,26,210,1,Summer,All
86.3,12.1,28,210,1,Summer,All
89.8,17.74,20,240,1,Summer,All
92,24.42,13,240,2,Summer,All
90.6,28.83,15,210,2,Summer,All
90.77,33.89,24,250,2,Summer,All
86.7,27.28,31,240,2,Summer,All
85.71,32.22,15,90,2,Summer,All
85.76,34.7,15,60,2,Summer,All
86.48,37.51,15,220,3,Summer,All
86.53,25.41,24,200,2,Summer,All
85.64,25.23,19,240,2,Summer,All
87,32.27,15,360,2,Summer,All
89.71,36.47,11,360,3,Summer,All
91.03,40.86,22,250,3,Summer,All
91.66,45.4,7,90,3,Summer,All
91.71,49.73,19,270,4,Summer,All
91.73,54,26,250,4,Summer,All
87.24,45.83,22,220,3,Summer,All
86.26,47.7,15,250,4,Summer,All
86.31,49.88,11,290,4,Summer,All
87.62,53.06,26,240,4,Summer,All
87.35,54.9,15,290,4,Summer,All
85.85,40.82,11,30,3,Summer,All
84.85,42.21,22,320,3,Summer,All
85.95,44.31,22,30,3,Summer,All
86.88,15.25,22,340,1,Summer,All
86.93,17.83,22,200,1,Summer,All
87.42,20.44,19,250,1,Summer,All
90.25,24.38,17,240,2,Summer,All
90.3,27.75,19,270,2,Summer,All
85.7,9.61,33,260,1,Summer,All
86.06,8.55,35,240,1,Summer,All
86.5,10.47,33,260,1,Summer,All
88.18,13.52,20,150,1,Spring,All
91.08,22.15,22,240,1,Spring,All
88.97,23.67,19,230,2,Spring,All
88.56,24.59,35,330,2,Spring,All
88.24,25.06,33,190,2,Spring,All
88.29,25.09,22,300,2,Spring,All
87.34,27.73,15,150,2,Spring,All
87.26,29.28,28,240,2,Spring,All
87.59,30.92,41,280,2,Spring,All
87.93,32.87,24,50,2,Spring,All
86.9,37.51,20,70,3,Spring,All
87.61,39.65,7,170,3,Spring,All
89.68,42.66,26,270,3,Spring,All
83.72,38.93,19,80,3,Spring,All
86.83,41.01,13,70,3,Spring,All
84.7,34.12,17,30,2,Spring,All
85.32,36.18,22,240,3,Spring,All
90.88,41.07,11,180,3,Spring,All
87.58,43.54,32,200,3,Spring,All
89.39,21.98,26,260,1,Spring,All
91.39,26.74,30,290,2,Spring,All
91.34,30.92,22,330,2,Spring,All
91.39,35.08,20,330,2,Spring,All
91.44,39.44,11,60,3,Summer,All
91.07,43.39,19,60,3,Summer,All
84.89,32.4,20,150,2,Summer,All
89.62,16.47,15,210,1,Summer,All
87.62,17.74,28,260,1,Summer,All
87.67,20.32,39,320,1,Summer,All
85.33,11.63,32,330,1,Summer,All
88.22,15.94,22,350,1,Summer,All
88.45,24.27,11,40,2,Summer,All
88.11,18.11,24,290,1,Summer,All
87.26,20.67,35,290,1,Summer,All
89.75,25.47,9,290,2,Summer,All
91.1,31.28,20,280,2,Summer,All
89.62,23.77,19,200,2,Summer,All
89.67,27.51,37,270,2,Summer,All
90.84,32.95,22,290,2,Summer,All
89.65,36.68,7,200,3,Summer,All
88.61,18.57,26,290,1,Summer,All
90.21,24.81,11,230,2,Summer,All
89.87,23.2,30,260,1,Summer,All
86.48,19.45,22,340,1,Summer,All
91.42,25.23,19,200,2,Summer,All
89.98,29.26,22,220,2,Summer,All
91.1,25.57,22,270,2,Summer,All
87.72,27.96,17,70,2,Summer,All
88.19,24.69,28,260,2,Summer,All
87.03,26.51,26,320,2,Summer,All
88.38,29.83,24,240,2,Summer,All
81.34,8.72,54,240,1,Summer,All
87.85,17.81,28,260,1,Summer,All
87.29,13.17,37,270,1,Summer,All
89.66,19.6,20,290,1,Summer,All
86,6.78,32,240,1,Summer,All
86.17,13.7,28,330,1,Spring,All
90.71,19.63,13,220,1,Spring,All
90.45,23,11,40,1,Spring,All
85.65,18.69,30,240,1,Spring,All
91.71,25.28,24,300,2,Spring,All
90.26,25.32,7,250,2,Spring,All
87.49,13.28,24,340,1,Spring,All
87.04,15.79,48,250,1,Spring,All
90.56,20.73,20,280,1,Spring,All
83.82,25.34,24,50,2,Spring,All
92.25,30.61,26,270,2,Spring,All
92.17,31.24,7,170,2,Spring,All
88.85,37.12,28,240,3,Spring,All
86.5,27.81,43,340,2,Summer,All
87.19,30.46,22,310,2,Summer,All
90.17,34.95,26,290,2,Summer,All
88.98,38.44,26,240,3,Summer,All
85.16,33.42,22,20,2,Summer,All
86.07,35.86,24,300,3,Summer,All
85.61,37.41,24,340,3,Summer,All
85.89,39.67,19,10,3,Summer,All
85.94,41.88,19,10,3,Summer,All
89.58,28.35,30,270,2,Summer,All
89.63,21.99,11,70,1,Summer,All
88.46,25.54,15,80,2,Summer,All
87.2,13.92,26,210,1,Summer,All
85.98,11.13,28,270,1,Summer,All
88.61,15.52,17,300,1,Summer,All
90.53,24.93,32,220,2,Summer,All
90.58,29.42,17,300,2,Summer,All
93.49,35.72,22,240,3,Summer,All
88.96,38.63,17,300,3,Summer,All
89.08,41.98,7,330,3,Summer,All
91.17,46.3,7,270,4,Summer,All
93.83,51.92,22,270,4,Summer,All
89.49,34.29,26,320,2,Summer,All
88.84,37.36,37,300,3,Summer,All
90.83,40.97,17,310,3,Summer,All
90.88,45,22,270,3,Summer,All
90.93,31.96,26,240,2,Summer,All
89.38,34.64,15,270,2,Summer,All
89.51,38.23,4,30,3,Summer,All
91.6,38.96,33,260,3,Summer,All
91.65,43,22,320,3,Summer,All
91.44,46.77,13,50,4,Summer,All
92.44,52.04,28,270,4,Summer,All
85.54,36.51,17,280,3,Summer,All
91.14,35.47,22,240,2,Summer,All
86.27,23.03,28,260,1,Summer,All
84.79,24.34,22,360,2,Summer,All
89.22,31.64,15,330,2,Summer,All
89.27,24.34,32,310,2,Summer,All
89.32,28.64,7,260,2,Summer,All
83.72,30.66,30,70,2,Summer,All
88.43,12.37,35,260,1,Summer,All
87.18,19.2,28,250,1,Summer,All
90.21,20.65,43,240,1,Summer,All
88.28,22.91,30,280,1,Summer,All
88.32,25.74,41,210,2,Summer,All
85.13,2.66,48,250,1,Summer,All
85.87,6.52,46,290,1,Fall,All
89.21,7.77,22,240,1,Spring,All
84.22,10.86,37,250,1,Spring,All
89.95,13.85,19,270,1,Spring,All
91.2,17.47,19,270,1,Spring,All
90.38,20.49,13,200,1,Spring,All
88.08,22.39,22,330,1,Spring,All
88.62,24.79,19,290,2,Spring,All
88.67,27.35,17,150,2,Spring,All
86.97,29.48,32,40,2,Spring,All
89.15,18.19,30,230,1,Spring,All
87.05,25.91,17,50,2,Spring,All
89.14,16.8,37,230,1,Summer,All
89.6,11.09,19,250,1,Summer,All
90.97,12.06,30,240,1,Summer,All
90.32,15.3,11,50,1,Summer,All
90.37,18.99,13,230,1,Summer,All
91.9,10.28,30,230,1,Summer,All
92.89,16.95,37,250,1,Summer,All
91.48,25.61,28,230,2,Summer,All
91.53,29.24,20,290,2,Summer,All
90.17,32.3,11,40,2,Summer,All
90.22,35.64,20,290,3,Summer,All
91.64,38.06,44,240,3,Summer,All
85.44,23,24,60,1,Summer,All
88.79,18.54,33,210,1,Summer,All
88.28,19.9,30,340,1,Summer,All
89.32,26.71,28,270,2,Summer,All
88.19,28.96,22,310,2,Summer,All
91.14,35.48,30,240,2,Summer,All
88.27,37.76,26,250,3,Summer,All
90.14,41.19,11,220,3,Summer,All
88.47,29.84,15,250,2,Summer,All
88.52,32.66,20,260,2,Summer,All
88.57,35.51,22,260,2,Summer,All
89.27,22.81,22,250,1,Summer,All
86.14,17.72,30,220,1,Summer,All
85.69,13.31,26,300,1,Summer,All
90.11,22.39,26,240,1,Summer,All
86.56,18.97,26,320,1,Summer,All
87.2,21,17,50,1,Summer,All
87.62,23.35,20,280,1,Summer,All
85.85,25.75,20,220,2,Summer,All
85.9,27.23,17,280,2,Summer,All
87.85,29.59,15,330,2,Summer,All
91.87,10.56,20,230,1,Spring,All
90.87,11.55,20,200,1,Spring,All
89.19,23.46,9,40,1,Spring,All
89.44,27.28,9,220,2,Spring,All
90.63,30.24,26,300,2,Spring,All
85.38,29.77,17,250,2,Spring,All
85.73,31.26,17,330,2,Spring,All
86.09,27.64,20,60,2,Spring,All
87.33,15.93,20,200,1,Spring,All
89.88,19.93,26,210,1,Spring,All
90.19,23.34,19,270,1,Spring,All
87.81,17.57,17,270,1,Summer,All
90.95,21.71,17,180,1,Summer,All
89.26,25.25,24,20,2,Summer,All
88.28,28.29,15,50,2,Summer,All
89.94,32.41,6,270,2,Summer,All
89.18,15.15,33,220,1,Summer,All
89.76,13.78,17,290,1,Summer,All
89.68,16.23,15,30,1,Summer,All
89.73,19,24,220,1,Summer,All
92.02,22.46,35,200,1,Summer,All
91.14,24.71,26,260,2,Summer,All
90.84,27.93,28,220,2,Summer,All
90.92,31.62,19,190,2,Summer,All
91.67,35.47,13,220,2,Summer,All
87.66,21.51,20,240,1,Summer,All
84.43,7.95,37,170,1,Summer,All
90.27,9.21,33,240,1,Spring,All
91.2,13.86,19,190,1,Spring,All
91.25,17.32,22,240,1,Spring,All
90.07,14.37,13,30,1,Spring,All
90.25,18.34,13,70,1,Spring,All
92.44,23.77,26,240,2,Spring,All
90.17,27.18,24,260,2,Spring,All
90.22,31.34,15,220,2,Spring,All
91.74,35.77,19,240,3,Spring,All
93.29,41.04,13,150,3,Spring,All
86.54,42.62,11,60,3,Spring,All
85.33,35.39,15,30,2,Summer,All
89.94,41.8,24,220,3,Summer,All
86.99,44.14,17,230,3,Summer,All
87.79,47.14,22,290,4,Summer,All
83.41,49.76,15,360,4,Summer,All
83.46,51.28,22,20,4,Summer,All
86.2,53.74,11,70,4,Summer,All
85.13,55.35,19,360,4,Summer,All
85.18,57.17,9,30,4,Summer,All
86.21,59.32,22,80,4,Summer,All
87.25,22.28,19,60,1,Summer,All
90.7,27.53,7,120,2,Summer,All
92.31,33.17,4,330,2,Summer,All
93.12,38.71,4,320,3,Summer,All
89.42,41.94,24,190,3,Summer,All
85.12,33.77,17,60,2,Summer,All
82.89,25.18,35,250,2,Summer,All
90.66,17.37,20,270,1,Summer,All
90.71,22.75,26,190,1,Summer,All
89.84,27.29,11,230,2,Summer,All
88.83,31.05,22,240,2,Summer,All
89.7,35.65,17,290,3,Summer,All
89.75,39.56,22,260,3,Summer,All
84.38,24.84,22,260,2,Summer,All
87.95,26.21,30,280,2,Summer,All
88.47,30.52,20,290,2,Summer,All
89.37,35.01,26,310,2,Summer,All
90.74,40.18,35,260,3,Summer,All
90.79,45.09,7,290,3,Summer,All
84.63,46.68,30,260,4,Summer,All
86.99,49.47,22,340,4,Summer,All
87.58,54.72,9,70,4,Summer,All
86.5,54.98,9,150,4,Summer,All
91.11,60.15,24,250,4,Summer,All
88.81,43.06,11,280,3,Summer,All
88.86,46.55,33,250,4,Summer,All
88.91,44.19,33,260,3,Summer,All
82.53,35.35,26,50,2,Summer,All
87.74,42.82,20,270,3,Summer,All
87.79,45.43,22,250,3,Summer,All
86.48,24.02,20,200,2,Summer,All
86.57,12.49,24,300,1,Spring,All
90.67,15.98,26,250,1,Spring,All
93.73,20.49,39,260,1,Spring,All
85.08,13.16,28,60,1,Spring,All
85.13,14.89,30,200,1,Spring,All
85.65,23.37,24,300,1,Spring,All
90.39,14.22,17,250,1,Spring,All
90.44,20.13,20,300,1,Spring,All
88.31,21.68,26,240,1,Spring,All
86.47,21.45,39,270,1,Spring,All
88.97,28.13,22,240,2,Spring,All
90.92,22.88,33,240,1,Spring,All
93.15,29.86,33,270,2,Summer,All
91.22,33.3,4,360,2,Summer,All
91.27,37.45,15,200,3,Summer,All
92.07,43.27,26,250,3,Summer,All
92.12,48.37,19,250,4,Summer,All
93.24,51.52,6,240,4,Summer,All
90.79,48.93,22,250,4,Summer,All
88.67,51.36,17,340,4,Summer,All
88.72,54.33,7,150,4,Summer,All
81.9,55.04,19,30,4,Summer,All
88.61,50.41,37,280,4,Summer,All
87.59,28.75,17,160,2,Summer,All
90.74,7.93,17,240,1,Summer,All
91.21,10.64,35,250,1,Summer,All
88.85,13.62,20,250,1,Summer,All
84.4,16.31,33,320,1,Summer,All
88.25,24.6,26,240,2,Summer,All
87.05,27.24,15,190,2,Summer,All
87.59,40.36,17,180,3,Summer,All
85.9,23.92,19,160,2,Summer,All
86.65,30.82,30,250,2,Summer,All
86.8,24.96,15,40,2,Summer,All
89.46,17.49,19,240,1,Summer,All
91.78,24.05,22,230,2,Summer,All
91.83,28.73,7,230,2,Summer,All
90.02,32.8,19,270,2,Summer,All
88.35,30.85,33,270,2,Summer,All
88.14,36.35,26,240,3,Summer,All
86.11,29.78,30,250,2,Summer,All
86.16,17.4,22,310,1,Summer,All
86.2,19.96,28,270,1,Summer,All
87.11,16.02,20,250,1,Summer,All
88.2,18.19,24,230,1,Summer,All
85.27,21.03,24,190,1,Summer,All
84.54,13.1,41,240,1,Summer,All
86.23,9.68,28,270,1,Summer,All
88.89,8.17,24,220,1,Summer,All
84.34,9.89,37,220,1,Summer,All
86.46,7.18,32,270,1,Summer,All
85.05,6.73,35,340,1,Spring,All
86.97,7.9,28,320,1,Spring,All
86.99,5.05,43,290,1,Spring,All
89.07,7.43,41,250,1,Spring,All
88.02,11.81,22,270,1,Spring,All
87.99,13.41,24,280,1,Spring,All
89.51,20.01,19,220,1,Spring,All
89.56,17.65,17,190,1,Spring,All
89.5,15.48,15,260,1,Spring,All
90.91,17.16,20,220,1,Spring,All
85.09,14.65,28,210,1,Spring,All
90.93,20.22,43,220,1,Spring,All
90.98,23.52,33,270,1,Spring,All
92.15,28.02,20,250,2,Summer,All
90.08,31.01,9,330,2,Summer,All
90.13,34.19,15,180,2,Summer,All
84.27,31.33,20,150,2,Summer,All
87.4,19.41,24,280,1,Summer,All
90.69,16.09,28,250,1,Summer,All
91.54,20.26,30,190,1,Summer,All
88.42,21.94,13,70,1,Summer,All
86.73,19.36,26,230,1,Summer,All
89.02,24.8,13,180,2,Summer,All
89.19,28.51,7,210,2,Summer,All
92.22,32.83,20,250,2,Summer,All
92.27,36.71,17,250,3,Summer,All
88.89,18.34,37,250,1,Summer,All
89.81,26.51,32,250,2,Summer,All
90.08,30.44,26,250,2,Summer,All
90.19,37.68,17,160,3,Summer,All
88.34,40.22,26,180,3,Summer,All
88.38,42.01,26,220,3,Summer,All
88.05,39.11,11,190,3,Summer,All
84.17,40.28,20,340,3,Summer,All
86.54,43.65,15,280,3,Summer,All
88.27,46.92,4,200,4,Summer,All
87.32,19.78,24,260,1,Summer,All
87.09,28.79,13,340,2,Summer,All
86.15,20.34,20,340,1,Summer,All
87.6,20.41,24,330,1,Summer,All
87.65,22.59,20,300,1,Summer,All
87.01,24.48,30,250,2,Summer,All
85.47,19.43,22,180,1,Summer,All
86.38,21.24,19,250,1,Summer,All
86.74,26.51,20,270,2,Summer,All
87.82,25.01,26,250,2,Summer,All
84.5,17.69,32,250,1,Summer,All
86.37,19.84,33,240,1,Summer,All
84.68,21.52,28,190,1,Summer,All
86.55,23.56,30,260,2,Summer,All
86.05,24.82,37,270,2,Summer,All
84.39,15.6,30,230,1,Summer,All
84.43,17.06,28,190,1,Summer,All
85.48,19.17,24,250,1,Summer,All
89.01,19.9,13,40,1,Spring,All
86.79,23.48,35,50,1,Spring,All
89.16,29.01,24,60,2,Spring,All
89.19,30.99,6,20,2,Spring,All
89.24,33.32,20,80,2,Spring,All
93.33,37.81,20,200,3,Spring,All
89.79,40.5,22,180,3,Spring,All
88.88,43.07,15,210,3,Spring,All
89.38,32.81,19,190,2,Spring,All
89.43,35.58,9,170,2,Spring,All
85.51,39.24,15,20,3,Spring,All
86.7,34.25,17,200,2,Spring,All
86.87,12.59,30,300,1,Spring,All
89.16,21.34,20,240,1,Spring,All
89.34,21.78,28,280,1,Spring,All
85.46,13.87,37,260,1,Summer,All
88.07,17.99,20,310,1,Summer,All
90.95,23.93,24,230,2,Summer,All
89.23,27.35,15,200,2,Summer,All
86.27,15.37,26,240,1,Summer,All
86.26,15.32,28,300,1,Summer,All
92.7,14.02,24,310,1,Summer,All
85.72,7.18,39,240,1,Summer,All
89.61,13.48,20,290,1,Summer,All
92.68,23.24,13,200,1,Summer,All
94.76,28.75,20,220,2,Summer,All
89.75,19.84,37,250,1,Summer,All
87.84,10.27,30,240,1,Summer,All
88.07,13,22,280,1,Summer,All
88.4,7.27,26,180,1,Summer,All
89.19,10.74,26,280,1,Summer,All
89.24,12.62,26,240,1,Summer,All
87.64,16.72,26,70,1,Summer,All
88.55,22.79,19,260,1,Summer,All
88.6,25.01,15,350,2,Summer,All
88.22,26.96,22,270,2,Summer,All
88.57,30.11,37,230,2,Summer,All
89.18,33.24,26,280,2,Summer,All
87.66,35.52,17,190,2,Summer,All
89.12,40.08,24,230,3,Summer,All
88.39,42.56,22,220,3,Summer,All
88.22,9.79,35,250,1,Summer,All
89.1,11.5,19,50,1,Spring,All
88.26,6.59,41,280,1,Spring,All
92.81,10.3,44,250,1,Spring,All
90.37,11.69,20,70,1,Spring,All
86.67,13.61,28,210,1,Spring,All
86.74,14.89,32,310,1,Spring,All
91.49,19.05,32,250,1,Spring,All
87.63,20.63,17,310,1,Spring,All
87.68,22.22,28,270,1,Spring,All
90.98,25.63,24,320,2,Spring,All
89.98,18.51,13,50,1,Spring,All
92.33,24.12,28,290,2,Summer,All
92.39,29.59,35,250,2,Summer,All
91.74,32.61,22,300,2,Summer,All
94.54,37.9,33,230,3,Summer,All
86.77,33.6,24,50,2,Summer,All
88.82,39.87,4,50,3,Summer,All
87.81,37.93,19,70,3,Summer,All
90.49,37.08,26,240,3,Summer,All
93.27,43.03,39,230,3,Summer,All
93.32,38.85,4,290,3,Summer,All
89.24,42.16,19,210,3,Summer,All
91.54,46.7,59,250,4,Summer,All
87.81,48.67,11,50,4,Summer,All
86.62,50.57,20,40,4,Summer,All
84.35,24.23,30,40,2,Summer,All
89.03,21,11,250,1,Summer,All
90.18,18.17,19,270,1,Summer,All
90.23,23.18,19,260,1,Summer,All
89.56,23.52,30,250,1,Summer,All
91.94,29.57,26,240,2,Summer,All
92.39,35.39,0,0,2,Summer,All
88.3,9.86,26,250,1,Summer,All
90.58,14.54,11,260,1,Summer,All
88.61,14.87,30,230,1,Summer,All
88.66,10.01,24,200,1,Summer,All
88.72,6.64,43,220,1,Summer,All
88.54,13.5,32,250,1,Summer,All
90.37,16.93,44,240,1,Summer,All
89.75,19.55,19,230,1,Summer,All
89.18,21.9,32,180,1,Summer,All
87.74,13.82,20,290,1,Summer,All
84.2,3.58,48,280,1,Summer,All
85.57,5.15,39,240,1,Summer,All
89.91,14.74,26,340,1,Spring,All
93.26,18.49,33,310,1,Spring,All
92.38,24.84,13,40,2,Spring,All
92.43,29.61,4,180,2,Spring,All
92.99,34.71,30,170,2,Spring,All
91.63,36.64,15,40,3,Spring,All
91.68,39.58,9,140,3,Spring,All
91.73,43.08,6,340,3,Spring,All
89.27,45.15,22,60,3,Spring,All
88.91,47.52,17,30,4,Spring,All
84.75,39.01,22,80,3,Spring,All
84.8,30.98,24,120,2,Spring,All
88.07,11.06,24,260,1,Spring,All
91.05,20.13,26,220,1,Spring,All
88.37,14.94,28,290,1,Spring,All
87.96,14.28,20,30,1,Spring,All
88,16.05,20,10,1,Spring,All
88.05,18.79,15,60,1,Spring,All
88.52,23.25,11,220,1,Spring,All
88.5,20.65,19,270,1,Summer,All
90.75,25.51,22,280,2,Summer,All
90.89,29.67,20,290,2,Summer,All
88.78,31.95,19,70,2,Summer,All
89.21,35.51,11,50,2,Summer,All
88.24,38.67,28,230,3,Summer,All
89.05,42.38,11,300,3,Summer,All
87.79,37.02,17,280,3,Summer,All
85.48,29.96,20,40,2,Summer,All
86.27,33.03,19,60,2,Summer,All
86.17,24.31,17,40,2,Summer,All
87.09,12.76,28,230,1,Summer,All
90.63,18.54,17,260,1,Summer,All
92.38,24.82,26,250,2,Summer,All
90.53,28.86,15,70,2,Summer,All
87.82,31.57,11,70,2,Summer,All
87.71,18.7,22,220,1,Summer,All
88.68,26.77,11,50,2,Summer,All
90.93,32.05,6,110,2,Summer,All
92,26.25,26,250,2,Summer,All
89.96,29.16,20,350,2,Summer,All
90.01,32.47,20,10,2,Summer,All
88.65,34.75,11,40,2,Summer,All
88.7,37.58,7,220,3,Summer,All
88.75,40.44,9,50,3,Summer,All
88.8,43.55,11,30,3,Summer,All
88.65,49.28,9,20,4,Summer,All
89.85,53.09,22,240,4,Summer,All
87.7,43.17,30,330,3,Summer,All
88.53,46.18,30,260,4,Summer,All
89.17,49.51,22,240,4,Summer,All
86.16,51.18,17,360,4,Summer,All
89.15,54.64,30,240,4,Summer,All
86.74,42.27,19,80,3,Summer,All
89.25,45.95,9,250,3,Summer,All
89.3,49.45,24,250,4,Summer,All
89.36,52.44,26,310,4,Summer,All
89.41,54.7,9,270,4,Summer,All
87.48,48.74,32,180,4,Summer,All
89.47,52.5,32,190,4,Summer,All
87.77,54.43,6,30,4,Summer,All
85.01,25.29,35,280,2,Summer,All
88.24,28.96,30,250,2,Summer,All
86,13.97,33,350,1,Summer,All
86.09,16.12,24,270,1,Summer,All
86.51,15.34,26,230,1,Summer,All
86.39,8.45,35,270,1,Summer,All
86.44,9.87,32,340,1,Summer,All
89.12,19.28,20,230,1,Summer,All
89.44,23.6,20,230,2,Summer,All
89.76,27.86,24,240,2,Summer,All
89.81,31.47,6,340,2,Summer,All
89.08,34.51,22,210,2,Summer,All
89.13,36.88,28,290,3,Summer,All
88.75,39.13,9,250,3,Summer,All
86.29,42.69,13,210,3,Summer,All
87.09,46.64,19,160,4,Summer,All
86.69,48.58,35,180,4,Summer,All
87.87,51.23,22,200,4,Summer,All
88.67,53.81,28,260,4,Summer,All
88.68,55.89,13,70,4,Summer,All
88.73,58.57,33,190,4,Summer,All
84.91,12.29,30,220,1,Summer,All
85.66,14.84,43,290,1,Summer,All
84.53,14.62,28,240,1,Fall,All
83.28,11.64,41,270,1,Fall,All
84.99,12.34,39,260,1,Fall,All
85.02,9.6,44,270,1,Spring,All
86.87,11.11,32,310,1,Spring,All
85.9,11.53,30,250,1,Spring,All
90.01,14.38,20,230,1,Spring,All
83.65,13.53,32,150,1,Spring,All
89.31,18.06,24,190,1,Spring,All
84.4,14.75,33,250,1,Spring,All
86.7,16.06,28,290,1,Spring,All
88.35,19.51,22,20,1,Spring,All
88.4,15.74,17,160,1,Spring,All
82.54,9.38,46,20,1,Spring,All
90.93,20.95,22,220,1,Spring,All
90.98,25.26,15,200,2,Spring,All
82.77,16.54,32,320,1,Spring,All
91.47,27.6,22,200,2,Spring,All
87.13,21.4,20,180,1,Spring,All
85.98,11.56,30,350,1,Spring,All
88.69,13.45,22,140,1,Summer,All
89.55,18.39,13,240,1,Summer,All
90.29,23.48,20,20,1,Summer,All
90.22,27.9,17,200,2,Summer,All
87.49,30.44,13,160,2,Summer,All
89.23,34.91,20,170,2,Summer,All
89.04,24.97,17,130,2,Summer,All
88.25,13.81,24,260,1,Summer,All
88.5,25.31,13,60,2,Summer,All
89.87,30.09,6,150,2,Summer,All
89.05,30.72,9,30,2,Summer,All
87.97,23.55,22,250,2,Summer,All
89.53,22.49,28,210,1,Summer,All
91.65,28.86,17,230,2,Summer,All
89.65,18.23,24,210,1,Summer,All
86.88,18.82,20,140,1,Summer,All
90.41,16.64,32,230,1,Summer,All
88.17,19.76,22,190,1,Summer,All
89.62,24.42,30,200,2,Summer,All
87.34,10.31,24,220,1,Summer,All
88.19,9.92,35,250,1,Summer,All
88.54,13.89,30,230,1,Summer,All
88.59,13.83,20,210,1,Summer,All
88.7,20.89,13,190,1,Summer,All
88.75,24.57,20,240,2,Summer,All
91.05,28.78,30,230,2,Summer,All
90.55,31.64,24,260,2,Summer,All
86.56,19.24,24,260,1,Summer,All
87.77,21.12,26,260,1,Summer,All
85.33,21.93,22,310,1,Summer,All
86.35,24.72,17,310,2,Summer,All
87.04,28.52,35,250,2,Summer,All
89.1,30.7,28,210,2,Summer,All
87.84,32.32,9,230,2,Summer,All
88.32,34.19,20,260,2,Summer,All
86.67,27.4,17,160,2,Summer,All
83.57,17.75,32,360,1,Summer,All
86.11,16.34,33,260,1,Summer,All
85.63,17.83,28,210,1,Summer,All
87.26,20.15,24,270,1,Summer,All
86.67,25.16,24,160,2,Summer,All
91.11,18.2,9,80,1,Spring,All
91.94,22.13,11,100,1,Spring,All
93.74,26.79,4,200,2,Spring,All
87.8,28.3,13,30,2,Spring,All
88.83,35.11,17,230,2,Spring,All
88.88,38.13,9,80,3,Spring,All
85.42,31.62,17,230,2,Spring,All
86.37,33.23,39,330,2,Spring,All
87.24,35.15,30,350,2,Spring,All
90.52,38.44,11,240,3,Spring,All
87.69,20.74,22,290,1,Spring,All
87.73,23.51,13,40,1,Spring,All
87.4,28.96,13,60,2,Spring,All
86.49,30.68,19,60,2,Spring,All
85.59,32.07,17,50,2,Spring,All
84.22,33.41,22,60,2,Spring,All
83.63,32.4,20,60,2,Spring,All
89.21,38.52,6,360,3,Spring,All
88.96,33.71,32,250,2,Summer,All
88.3,37.09,33,250,3,Summer,All
89.2,40.45,30,290,3,Summer,All
91.29,45.03,22,230,3,Summer,All
91.34,49.44,26,280,4,Summer,All
88.52,44.71,19,240,3,Summer,All
90.23,49,13,280,4,Summer,All
91.17,53.78,19,270,4,Summer,All
87.54,35.57,20,320,2,Summer,All
85.63,20.68,48,310,1,Summer,All
84.67,24.78,22,180,2,Summer,All
89.7,29.64,35,250,2,Summer,All
93,36.48,46,250,3,Summer,All
90.49,28.04,19,270,2,Summer,All
90.54,32.99,37,250,2,Summer,All
87.59,35.45,19,40,2,Summer,All
87.64,39.16,7,60,3,Summer,All
84.91,40.5,30,50,3,Summer,All
87.46,45.76,13,190,3,Summer,All
87.24,29.76,20,200,2,Summer,All
88.84,26.29,9,60,2,Summer,All
92.01,33.39,4,130,2,Summer,All
90.39,38.13,9,50,3,Summer,All
89.04,41.79,30,270,3,Summer,All
90.24,46.61,19,270,4,Summer,All
88.9,49.84,19,290,4,Summer,All
88.95,33.73,7,80,2,Summer,All
86.81,11.92,28,250,1,Summer,All
87.84,13.42,28,270,1,Summer,All
91.74,20.25,32,220,1,Summer,All
88.6,19.81,26,290,1,Summer,All
90.5,24.69,30,230,2,Summer,All
89.65,27.17,13,40,2,Summer,All
85.35,28.54,26,50,2,Summer,All
86.77,28.33,43,290,2,Summer,All
86.82,17.71,26,230,1,Summer,All
86.86,20.94,22,230,1,Summer,All
87.43,11.08,26,250,1,Summer,All
85.9,18.02,32,60,1,Summer,All
85.06,13.71,28,220,1,Summer,All
87.68,20.96,26,240,1,Summer,All
87.73,23.73,35,240,2,Summer,All
88.01,26.23,30,270,2,Summer,All
84.14,19.23,30,190,1,Summer,All
85,12.76,50,250,1,Summer,All
86.12,15.76,35,240,1,Summer,All
